61	Abbeville	AL	USA
81	Abbeville	LA	USA
3014	Aberdeen	ID	USA
761	Aberdeen	SD	USA
2098	Aberdeen-Amory	MS	USA
758	Abilene	TX	USA
1913	Abilene.	KS	USA
3076	Abingdon	VA	USA
730	Ackerman	MS	USA
773	Ada	OK	USA
774	Adak	AK	USA
554	Adams/Friendship	WI	USA
113	Adel	GA	USA
772	Adrian	MI	USA
359	Afton	OK	USA
786	Afton	WY	USA
1622	Agana	GU	USA
1967	Agua Dulce	CA	USA
992	Aguadilla	PR	USA
866	Ahoskie	NC	USA
800	Aiken	SC	USA
840	Ainsworth	NE	USA
802	Aitkin	MN	USA
2466	Ajo	AZ	USA
813	Akhiok	AK	USA
3182	Akiachak	AK	USA
812	Akiak	AK	USA
815	Akron	CO	USA
721	Akron	NY	USA
817	Akron	OH	USA
1939	Akutan	AK	USA
1341	Alabaster	AL	USA
880	Alakanuk	AK	USA
1973	Alamo	NV	USA
822	Alamogordo	NM	USA
825	Alamosa	CO	USA
762	Albany	GA	USA
820	Albany	NY	USA
2717	Albany	OR	USA
3092	Albemarle	NC	USA
779	Albert Lea	MN	USA
670	Albertville	AL	USA
424	Albia	IA	USA
1014	Albion	NE	USA
760	Albuquerque	NM	USA
1031	Aledo	IL	USA
500	Aleknagik	AK	USA
827	Alexander City	AL	USA
780	Alexandria	LA	USA
898	Alexandria	MN	USA
897	Algona	IA	USA
821	Alice	TX	USA
803	Aliceville	AL	USA
566	Allakaket	AK	USA
302	Allegan	MI	USA
667	Allendale	SC	USA
181	Allentown	PA	USA
797	Alliance	NE	USA
242	Alliance	OH	USA
829	Alma	GA	USA
830	Alma	MI	USA
426	Alma	NE	USA
2113	Almyra	AR	USA
848	Alpena	MI	USA
1316	Alpine	TX	USA
823	Alton/St. Louis	IL	USA
844	Altoona	PA	USA
757	Alturas	CA	USA
899	Altus	OK	USA
887	Alva	OK	USA
828	Amarillo	TX	USA
784	Ambler	AK	USA
2301	Ambler	PA	USA
764	Americus	GA	USA
793	Amery	WI	USA
832	Ames	IA	USA
373	Anaconda	MT	USA
609	Anacortes	WA	USA
2906	Anahauac	TX	USA
816	Anaktuvuk Pass	AK	USA
834	Anchorage	AK	USA
617	Andalusia	AL	USA
798	Anderson	IN	USA
835	Anderson	SC	USA
108	Andover	NJ	USA
564	Andrews	NC	USA
2506	Andrews	SC	USA
1309	Andrews	TX	USA
901	Angel Fire	NM	USA
1988	Angleton	TX	USA
838	Angola	IN	USA
1215	Angola	NY	USA
789	Angoon	AK	USA
270	Angwin	CA	USA
837	Aniak	AK	USA
1820	Ankeny	IA	USA
856	Ann Arbor	MI	USA
833	Anniston	AL	USA
841	Anthony	KS	USA
799	Antigo	WI	USA
654	Antlers	OK	USA
839	Anvik	AK	USA
754	Apalachicola	FL	USA
850	Apple Valley	CA	USA
876	Appleton	WI	USA
3141	Arcadia	FL	USA
768	Arcata/Eureka	CA	USA
842	Arco	ID	USA
857	Arctic Village	AK	USA
148	Ardmore	OK	USA
759	Arecibo	PR	USA
2120	Arkadelphia	AR	USA
1582	Arlington	TX	USA
1235	Arlington	VA	USA
896	Arlington	WA	USA
875	Artesia	NM	USA
1186	Ash Flat	AR	USA
611	Ashburn	GA	USA
3104	Asheboro	NC	USA
888	Asheville	NC	USA
1297	Ashland	KY	USA
334	Ashland	OH	USA
2713	Ashland	OR	USA
871	Ashland	WI	USA
222	Ashland/Lineville	AL	USA
1765	Ashtabula	OH	USA
863	Aspen	CO	USA
2918	Aspermont	TX	USA
869	Astoria	OR	USA
1908	Atchison	KS	USA
794	Athens	GA	USA
2207	Athens	TN	USA
1440	Athens	TX	USA
3044	Athens/Albany	OH	USA
810	Atka	AK	USA
691	Atkinson	NE	USA
874	Atlanta	GA	USA
3174	Atlanta	MI	USA
872	Atlanta	TX	USA
801	Atlantic	IA	USA
769	Atlantic City	NJ	USA
412	Atmautluak	AK	USA
80	Atmore	AL	USA
1449	Atoka	OK	USA
873	Atqasuk	AK	USA
2156	Atwater	CA	USA
777	Atwood	KS	USA
883	Auburn	AL	USA
882	Auburn	CA	USA
22	Auburn	IN	USA
1893	Auburn	NE	USA
2734	Auburn	WA	USA
1997	Auburn-Lewiston	ME	USA
778	Audubon	IA	USA
2109	Augusta	AR	USA
791	Augusta	GA	USA
317	Augusta	KS	USA
878	Augusta	ME	USA
253	Aurora	MO	USA
879	Aurora	NE	USA
3026	Aurora	OR	USA
881	Austin	MN	USA
739	Austin	NV	USA
884	Austin	TX	USA
892	Avalon	CA	USA
889	Avon Park	FL	USA
914	Bad Axe	MI	USA
1318	Bagdad	AZ	USA
943	Bainbridge	GA	USA
950	Baker City	MT	USA
962	Baker City	OR	USA
938	Bakersfield	CA	USA
1022	Baltimore	MD	USA
705	Bamburg	SC	USA
2714	Bandon	OR	USA
947	Bangor	ME	USA
980	Banning	CA	USA
948	Bar Harbor	ME	USA
1259	Baraboo	WI	USA
979	Baranof Warm Springs	AK	USA
997	Bardstown	KY	USA
576	Barnesville	OH	USA
981	Barnwell	SC	USA
2229	Barre-Montpelier	VT	USA
996	Barrow	AK	USA
1015	Bartlesville	OK	USA
987	Bartow	FL	USA
2633	Bassett	NE	USA
247	Bastrop	LA	USA
1626	Batavia	NY	USA
1786	Batavia	OH	USA
1017	Batesville	AR	USA
72	Batesville	MS	USA
1004	Baton Rouge	LA	USA
1000	Battle Creek	MI	USA
913	Battle Mountain	NV	USA
925	Baudette	MN	USA
949	Baxley	GA	USA
324	Bay City	MI	USA
361	Bay City	TX	USA
190	Bay Minette	AL	USA
1	Bay Springs	MS	USA
1724	Bay St Louis	MS	USA
214	Bayport	NY	USA
204	Beach	ND	USA
1895	Beardstown	IL	USA
953	Beatrice	NE	USA
1007	Beatty	NV	USA
2238	Beaufort	NC	USA
607	Beaufort	SC	USA
977	Beaumont	TX	USA
990	Beaumont/Port Arthur	TX	USA
3118	Beaver	AK	USA
2617	Beaver	OK	USA
3016	Beaver	UT	USA
1012	Beaver Falls	PA	USA
965	Beckley	WV	USA
2330	Beckwourth	CA	USA
940	Bedford	IN	USA
931	Bedford	MA	USA
1698	Bedford	PA	USA
360	Beeville	TX	USA
1322	Belen	NM	USA
998	Belfast	ME	USA
763	Bellaire	MI	USA
1342	Belle Fourche	SD	USA
3143	Belle Glade	FL	USA
3004	Belle Plaine	IA	USA
632	Bellefontaine	OH	USA
2679	Belleville	KS	USA
971	Belleville/St. Louis	IL	USA
969	Bellingham	WA	USA
970	Belmar/Farmingdale	NJ	USA
6	Belmont	MS	USA
1909	Beloit	KS	USA
173	Belzoni	MS	USA
959	Bemidji	MN	USA
374	Benchmark	MT	USA
2715	Bend	OR	USA
918	Bennettsville	SC	USA
1240	Bennington	VT	USA
1326	Benson	AZ	USA
916	Benson	MN	USA
2124	Benton	AR	USA
1649	Benton	IL	USA
932	Benton Harbor	MI	USA
3063	Bentonville	AR	USA
975	Berlin	NH	USA
130	Berlin	NJ	USA
446	Berryville	AR	USA
1361	Bessemer	AL	USA
933	Bethel	AK	USA
39	Bethel	ME	USA
1005	Bettles	AK	USA
1018	Beverly	MA	USA
909	Biddeford	ME	USA
1960	Big Bear	CA	USA
946	Big Lake	AK	USA
988	Big Piney	WY	USA
2682	Big Rapids	MI	USA
375	Big Sandy	MT	USA
2914	Big Spring	TX	USA
594	Big Timber	MT	USA
956	Billings	MT	USA
945	Binghamton	NY	USA
3188	Birch Creek	AK	USA
924	Birchwood	AK	USA
951	Birmingham	AL	USA
2467	Bisbee	AZ	USA
955	Bishop	CA	USA
485	Bishopville	SC	USA
957	Bismarck	ND	USA
2780	Bison	SD	USA
922	Black River Falls	WI	USA
3006	Blackfoot	ID	USA
920	Blacksburg	VA	USA
453	Blackwell-Tonkawa	OK	USA
1905	Blair	NE	USA
180	Blairstown	NJ	USA
395	Blairsville	GA	USA
99	Blakely	GA	USA
926	Blanding	UT	USA
952	Block Island	RI	USA
444	Bloomfield	IA	USA
974	Bloomington	IL	USA
973	Bloomington	IN	USA
2285	Bloomsburg	PA	USA
2770	Blue Earth	MN	USA
967	Bluefield	WV	USA
510	Bluffton	OH	USA
968	Blythe	CA	USA
1690	Blytheville	AR	USA
2430	Boardman	OR	USA
923	Boca Raton	FL	USA
1024	Bogalusa	LA	USA
984	Boise	ID	USA
122	Boise City	OK	USA
2081	Bolivar	MO	USA
2075	Bolivar	TN	USA
1420	Bonham	TX	USA
163	Bonifay	FL	USA
557	Bonners Ferry	ID	USA
983	Boone	IA	USA
685	Booneville	MS	USA
2606	Boonville	CA	USA
3071	Boonville	MO	USA
942	Borger	TX	USA
1952	Borrego Springs	CA	USA
2450	Boscobel	WI	USA
986	Boston	MA	USA
1213	Bottineau	ND	USA
198	Boulder	CO	USA
546	Boulder City	NV	USA
1027	Boundary	AK	USA
50	Bowie	TX	USA
1021	Bowling Green	KY	USA
1638	Bowling Green	MO	USA
152	Bowling Green	OH	USA
1210	Bowman	ND	USA
370	Boyceville	WI	USA
1030	Bozeman	MT	USA
934	Bradford	PA	USA
917	Brady	TX	USA
993	Brainerd	MN	USA
1019	Brawley	CA	USA
961	Breckenridge	TX	USA
2596	Bremerton	WA	USA
100	Brenham	TX	USA
1942	Brevig Mission	AK	USA
2754	Brewster	WA	USA
103	Brewton	AL	USA
2358	Bridgeport	CA	USA
929	Bridgeport	CT	USA
151	Bridgeport	TX	USA
972	Brigham City	UT	USA
2095	Brinkley	AR	USA
2980	Bristol	TN	USA
330	Bristow	OK	USA
1002	Britton	SD	USA
930	Broadus	MT	USA
630	Brockport	NY	USA
919	Broken Bow	NE	USA
8	Brookfield	WI	USA
189	Brookhaven	MS	USA
985	Brookings	OR	USA
966	Brookings	SD	USA
89	Brookneal	VA	USA
964	Brooksville	FL	USA
2610	Brownfield	TX	USA
2607	Brownsville	CA	USA
995	Brownsville	TX	USA
1020	Brownwood	TX	USA
991	Brunswick	GA	USA
57	Bryan	OH	USA
1087	Bryan	TX	USA
921	Bryce Canyon	UT	USA
1026	Buckeye	AZ	USA
3099	Buckhannon	WV	USA
1013	Buckland	AK	USA
120	Bucyrus	OH	USA
651	Buena Vista	CO	USA
692	Buffalo	MN	USA
719	Buffalo	NY	USA
937	Buffalo	OK	USA
716	Buffalo	SD	USA
1028	Buffalo	WY	USA
3007	Buhl	ID	USA
1809	Bullhead City	AZ	USA
3149	Bunnell	FL	USA
1010	Burbank	CA	USA
1029	Burley	ID	USA
1848	Burlington	CO	USA
208	Burlington	CT	USA
994	Burlington	IA	USA
3040	Burlington	KS	USA
1011	Burlington	NC	USA
1006	Burlington	VT	USA
1042	Burlington	WI	USA
1016	Burlington/Mount Vernon	WA	USA
976	Burnet	TX	USA
982	Burns	OR	USA
1008	Burwell	NE	USA
30	Butler	AL	USA
562	Butler	GA	USA
1009	Butler	MO	USA
1003	Butler	PA	USA
1001	Butte	MT	USA
1053	Byron	CA	USA
325	Cable	WI	USA
2991	Cabool	MO	USA
626	Caddo Mills	TX	USA
1055	Cadillac	MI	USA
681	Cadiz	OH	USA
1159	Cahokia/St. Louis	IL	USA
603	Cairo	GA	USA
1112	Cairo	IL	USA
1077	Caldwell	NJ	USA
1401	Caldwell (Boise)	ID	USA
1106	Caledonia	MN	USA
1197	Calexico	CA	USA
1207	Calhoun	GA	USA
307	Calico Rock	AR	USA
1968	California City	CA	USA
1134	Camarillo	CA	USA
3112	Camas/Washougal	WA	USA
756	Cambellsville	KY	USA
1094	Cambridge	MD	USA
1063	Cambridge	MN	USA
1173	Cambridge	NE	USA
1072	Cambridge	OH	USA
545	Camden	AL	USA
1071	Camden	AR	USA
1074	Camden	SC	USA
70	Camden	TN	USA
1639	Camdenton	MO	USA
1419	Cameron	MO	USA
2911	Cameron	TX	USA
2361	Cameron Park	CA	USA
1200	Camilla	GA	USA
694	Canadian	OK	USA
1678	Canadian	TX	USA
1217	Canandaiga	NY	USA
227	Canby	MN	USA
717	Cando	ND	USA
126	Canon	GA	USA
199	Canon City	CO	USA
398	Canton	GA	USA
1179	Canton	IL	USA
2781	Canton	SD	USA
1095	Cape Girardeau	MO	USA
2149	Carbondale	IL	USA
1059	Caribou	ME	USA
447	Carlisle	AR	USA
1168	Carlsbad	CA	USA
1142	Carlsbad	NM	USA
1183	Carmi	IL	USA
663	Carnegie	OK	USA
615	Caro	MI	USA
910	Carrabasset	ME	USA
396	Carrington	ND	USA
1209	Carrizo Springs	TX	USA
2614	Carrizozo	NM	USA
1111	Carroll	IA	USA
1178	Carrollton	GA	USA
2984	Carrollton	OH	USA
1199	Carson City	NV	USA
3083	Cartersville	GA	USA
29	Carthage	MS	USA
427	Carthage	TX	USA
2074	Caruthersville	MO	USA
1098	Casa Grande	AZ	USA
3021	Cascade	ID	USA
160	Casey	IL	USA
687	Cashmere	WA	USA
1158	Casper	WY	USA
522	Casselton	ND	USA
699	Cassville	MO	USA
2927	Castroville	TX	USA
2315	Cavalier	ND	USA
1070	Cedar City	UT	USA
1073	Cedar Key	FL	USA
1108	Cedar Rapids	IA	USA
413	Cedartown	GA	USA
2359	Cedarville	CA	USA
1161	Celina	OH	USA
1426	Center	TX	USA
2995	Centerville	IA	USA
1575	Centerville	TN	USA
1081	Central	AK	USA
25	Central City	NE	USA
1378	Centralia	IL	USA
745	Centre	AL	USA
36	Centreville	AL	USA
1075	Chadron	NE	USA
1110	Chalkyitsik	AK	USA
2018	Challis	ID	USA
743	Chamberlain	SD	USA
2302	Chambersburg	PA	USA
1136	Champaign/Urbana	IL	USA
505	Chandalar Camp	AK	USA
3120	Chandalar Lake	AK	USA
1100	Chandler	AZ	USA
1162	Chandler	OK	USA
1796	Chantilly	VA	USA
1145	Chanute	KS	USA
1144	Chappell	NE	USA
1139	Chariton	IA	USA
1068	Charles City	IA	USA
33	Charleston	MS	USA
1104	Charleston	SC	USA
1171	Charleston	WV	USA
1189	Charlevoix	MI	USA
24	Charlotte	MI	USA
1132	Charlotte	NC	USA
2877	Charlotte Amalie	VI	USA
1102	Charlottesville	VA	USA
1195	Chase City	VA	USA
1163	Chatham	MA	USA
1099	Chattanooga	TN	USA
3159	Cheboygan	MI	USA
1089	Chefornak	AK	USA
1131	Chehalis	WA	USA
2716	Chelan	WA	USA
410	Chemehuevi Valley	CA	USA
1032	Chenega	AK	USA
399	Cheraw	SC	USA
1122	Cherokee	IA	USA
455	Cherokee	OK	USA
1736	Chesapeake	OH	USA
2331	Chester	CA	USA
321	Chester	CT	USA
469	Chester	MT	USA
711	Chester	SC	USA
3061	Chevak	AK	USA
697	Cheyenne	OK	USA
1203	Cheyenne	WY	USA
1097	Chicago	IL	USA
859	Chicago/Aurora	IL	USA
1036	Chicago/Frankfort	IL	USA
92	Chicago/Greenwood/Wonderlake	IL	USA
44	Chicago/Harvard	IL	USA
1877	Chicago/Joliet	IL	USA
1812	Chicago/Lansing	IL	USA
1043	Chicago/Monee	IL	USA
141	Chicago/Plainfield	IL	USA
2033	Chicago/Romeoville	IL	USA
1052	Chicago/Round Lake Park	IL	USA
17	Chicago/Schaumburg	IL	USA
3035	Chicago/Waukegan	IL	USA
1271	Chicago/West Chicago	IL	USA
2594	Chicago/Wheeling/Prospect Heights	IL	USA
1101	Chickasha	OK	USA
1124	Chicken	AK	USA
1107	Chico	CA	USA
1079	Chicopee	MA	USA
805	Chignik	AK	USA
1922	Chignik Flats	AK	USA
752	Chignik Lake	AK	USA
1105	Chillicothe	MO	USA
2710	Chillicothe	OH	USA
282	Chiloquin	OR	USA
1324	Chinle	AZ	USA
1143	Chino	CA	USA
2744	Chinook	MT	USA
1208	Chisana	AK	USA
1194	Chitina	AK	USA
1109	Choteau	MT	USA
271	Chowchilla	CA	USA
2878	Christiansted	VI	USA
552	Christmas Valley	OR	USA
708	Chuathbaluk	AK	USA
3189	Cibecue	AZ	USA
156	Cicero	NY	USA
683	Cimarron	KS	USA
1845	Cincinnati	OH	USA
1164	Circle	AK	USA
470	Circle	MT	USA
1103	Circle Hot Springs	AK	USA
1202	Circleville	OH	USA
7	Clanton	AL	USA
403	Clare	MI	USA
1140	Claremont	NH	USA
1552	Claremore	OK	USA
450	Clarendon	AR	USA
1800	Clarinda	IA	USA
1060	Clarion	IA	USA
98	Clarion	PA	USA
677	Clark	SD	USA
1130	Clarks Point	AK	USA
1116	Clarksburg	WV	USA
1120	Clarksdale	MS	USA
1641	Clarksville	AR	USA
1123	Clarksville	TN	USA
627	Clarksville	TX	USA
1193	Claxton	GA	USA
1204	Clay Center	KS	USA
97	Clayton	AL	USA
1058	Clayton	NM	USA
2752	Cle Elum	WA	USA
3187	Clear A.F.B.	AK	USA
1484	Clearfield	PA	USA
1133	Clearwater	FL	USA
1427	Cleburne	TX	USA
1082	Clemson	SC	USA
2670	Cleveland	MS	USA
963	Cleveland	OH	USA
700	Cleveland	OK	USA
1667	Cleveland	TN	USA
591	Cleveland	TX	USA
256	Clewiston	FL	USA
2090	Clifton	TN	USA
628	Clifton	TX	USA
1090	Clifton-Morenci	AZ	USA
448	Clinton	AR	USA
1192	Clinton	IA	USA
1589	Clinton	MO	USA
1181	Clinton	NC	USA
1127	Clinton	OK	USA
1126	Clintonville	WI	USA
1152	Cloquet	MN	USA
2360	Cloverdale	CA	USA
1187	Clovis	NM	USA
1051	Coalinga	CA	USA
382	Coatesville	PA	USA
402	Cochran	GA	USA
1147	Cody	WY	USA
1148	Coeur D'Alene	ID	USA
1091	Coffeyville	KS	USA
1921	Coffman Cove	AK	USA
1064	Colby	KS	USA
1069	Cold Bay	AK	USA
1196	Coldfoot	AK	USA
2382	Coldwater	MI	USA
1150	Coleman	TX	USA
2753	Colfax	WA	USA
1096	College Park	MD	USA
1128	College Station	TX	USA
2283	Collegeville	PA	USA
903	Colorado City	AZ	USA
3	Colorado Springs	CO	USA
2102	Colstrip	MT	USA
2339	Columbia	CA	USA
1154	Columbia	MO	USA
79	Columbia	MS	USA
1056	Columbia	SC	USA
2236	Columbia-Mt Pleasant	TN	USA
1174	Columbus	GA	USA
912	Columbus	IN	USA
3028	Columbus	MS	USA
596	Columbus	MT	USA
2408	Columbus	NE	USA
1135	Columbus	OH	USA
1619	Columbus-Starkville-West Point	MS	USA
2332	Colusa	CA	USA
555	Colville	WA	USA
629	Comanche	TX	USA
246	Commerce	TX	USA
1157	Compton	CA	USA
1323	Conchas Dam	NM	USA
1067	Concord	CA	USA
1878	Concord	NC	USA
1151	Concord	NH	USA
1141	Concordia	KS	USA
367	Condon	OR	USA
249	Connellsville	PA	USA
1083	Connersville	IN	USA
2712	Conrad	MT	USA
1198	Conroe	TX	USA
2072	Conway	AR	USA
1760	Conway	SC	USA
2468	Coolidge	AZ	USA
2726	Cooperstown	ND	USA
132	Copperhill	TN	USA
1166	Corcoran	CA	USA
1118	Cordele	GA	USA
1436	Cordell	OK	USA
1076	Cordova	AK	USA
1172	Corinth	MS	USA
808	Cornelia	GA	USA
451	Corning	AR	USA
75	Corning	CA	USA
644	Corning	NY	USA
807	Corona	CA	USA
1167	Corpus Christi	TX	USA
680	Corry	PA	USA
1169	Corsicana	TX	USA
1086	Cortez	CO	USA
2280	Cortland	NY	USA
1188	Corvallis	OR	USA
1777	Coshocton	OH	USA
549	Cottage Grove	OR	USA
2475	Cottonwood	AZ	USA
1153	Cotulla	TX	USA
1901	Council	AK	USA
3024	Council	ID	USA
1062	Council Bluffs	IA	USA
709	Courtland	AL	USA
84	Coushatta	LA	USA
2333	Covelo	CA	USA
707	Covington	GA	USA
1185	Covington	KY	USA
1959	Covington	LA	USA
2073	Covington	TN	USA
3019	Cowley/Lovell/Byron	WY	USA
1205	Cozad	NE	USA
1092	Craig	AK	USA
1057	Craig	CO	USA
2751	Craigmont	ID	USA
3167	Crandon	WI	USA
1088	Crawfordsville	IN	USA
581	Creighton	NE	USA
1078	Crescent City	CA	USA
1175	Creston	IA	USA
1084	Crestview	FL	USA
614	Creswell	OR	USA
1080	Crete	NE	USA
3103	Crisfield	MD	USA
2916	Crockett	TX	USA
1115	Crooked Creek	AK	USA
1121	Crookston	MN	USA
1047	Crosby	MS	USA
1219	Crosby	ND	USA
1180	Cross City	FL	USA
124	Cross Keys	NJ	USA
1170	Crossett	AR	USA
1176	Crossville	TN	USA
362	Crowley	LA	USA
49	Crownpoint	NM	USA
3154	Cruz Bay	VI	USA
1093	Crystal River	FL	USA
2077	Crystal Springs	MS	USA
3029	Cuba	MO	USA
2921	Cuero	TX	USA
2749	Culbertson	MT	USA
314	Cullman	AL	USA
1114	Culpeper	VA	USA
1061	Cumberland	MD	USA
3027	Cumberland	WI	USA
744	Currituck	NC	USA
401	Curtis	NE	USA
1182	Cushing	OK	USA
1184	Custer	SD	USA
1177	Cut Bank	MT	USA
219	Cuthbert	GA	USA
60	Cynthiana	KY	USA
1229	Daggett	CA	USA
1236	Dahl Creek	AK	USA
1252	Dalhart	TX	USA
409	Dallas	TX	USA
1249	Dallas-Fort Worth	TX	USA
776	Dallas/Addison	TX	USA
1268	Dalton	GA	USA
1299	Danbury	CT	USA
503	Danielson	CT	USA
1278	Dansville	NY	USA
1270	Danville	IL	USA
1291	Danville	KY	USA
1230	Danville	VA	USA
3033	Darlington	SC	USA
462	Dauphin Island	AL	USA
1293	Davenport	IA	USA
561	Davenport	WA	USA
698	David City	NE	USA
76	Davis	CA	USA
275	Davis/Woodland/Winters	CA	USA
118	Dawson	GA	USA
1232	Dayton	OH	USA
234	Dayton	TN	USA
1228	Daytona Beach	FL	USA
1245	De Queen	AR	USA
530	De Quincy	LA	USA
1274	De Ridder	LA	USA
2782	De Smet	SD	USA
519	De Witt	AR	USA
2774	Deadhorse	AK	USA
1951	Death Valley National Park	CA	USA
1237	Decatur	AL	USA
1241	Decatur	IL	USA
679	Decatur	TX	USA
1244	Decorah	IA	USA
310	Deer Lodge	MT	USA
1247	Deer Park	WA	USA
1243	Deering	AK	USA
1248	Defiance	OH	USA
488	Defuniak Springs	FL	USA
1254	Dekalb	IL	USA
1276	Del Rio	TX	USA
1242	Deland	FL	USA
1261	Delano	CA	USA
1263	Delaware	OH	USA
162	Delphi	IN	USA
200	Delta	CO	USA
1279	Delta	UT	USA
954	Delta Junction	AK	USA
1265	Deming	NM	USA
620	Demopolis	AL	USA
1269	Denison	IA	USA
1282	Denton	TX	USA
845	Denver	CO	USA
1277	Des Moines	IA	USA
1283	Destin	FL	USA
1246	Detroit	MI	USA
2423	Detroit - Grosse Ile	MI	USA
1280	Detroit Lakes	MN	USA
1292	Devils Lake	ND	USA
215	Devine	TX	USA
137	Dexter	ME	USA
1298	Dexter	MO	USA
1253	Dickinson	ND	USA
2071	Dickson	TN	USA
1257	Dillingham	AK	USA
1260	Dillon	MT	USA
2620	Dimmitt	TX	USA
2609	Dinsmore	CA	USA
1264	Diomede	AK	USA
1048	Dixon	IL	USA
740	Dixon	WY	USA
2968	Dodge Center	MN	USA
1239	Dodge City	KS	USA
121	Donalsonville	GA	USA
749	Dorris	CA	USA
1251	Dothan	AL	USA
1273	Douglas	GA	USA
1250	Douglas	WY	USA
1286	Douglas Bisbee	AZ	USA
298	Dover	DE	USA
390	Dover-Foxcroft	ME	USA
1054	Dowagiac	MI	USA
1302	Doylestown	PA	USA
2096	Drew	MS	USA
3018	Driggs	ID	USA
3169	Drummond Island	MI	USA
1287	Du Bois	PA	USA
419	Duanesburg	NY	USA
1233	Dublin	GA	USA
2567	Dublin	VA	USA
3011	Dubois	WY	USA
1234	Dubuque	IA	USA
3020	Duchesne	UT	USA
218	Dulce	NM	USA
1258	Duluth	MN	USA
68	Dumas	AR	USA
1289	Dumas	TX	USA
1285	Duncan	OK	USA
3147	Dunellon	FL	USA
1255	Dunkirk	NY	USA
2723	Dunseith	ND	USA
187	Dunsmuir	CA	USA
1275	Durango	CO	USA
1284	Durant	OK	USA
2325	Durhamville	NY	USA
1303	Dyersburg	TN	USA
1327	Eagle	AK	USA
1346	Eagle	CO	USA
659	Eagle Butte	SD	USA
1362	Eagle Lake	TX	USA
534	Eagle Pass	TX	USA
1349	Eagle River	WI	USA
1734	East Hampton	NY	USA
9	East Liverpool	OH	USA
178	East Moriches	NY	USA
2298	East Stroudsburg	PA	USA
496	East Troy	WI	USA
1398	Eastland	TX	USA
1418	Eastman	GA	USA
1393	Easton	MD	USA
1386	Eastport	ME	USA
2437	Eastsound	WA	USA
1331	Eau Claire	WI	USA
723	Ebensburg	PA	USA
1335	Edenton	NC	USA
481	Edgeley	ND	USA
599	Edgemont	SD	USA
221	Edinburg	TX	USA
224	Edna/Ganado	TX	USA
1338	Eek	AK	USA
158	Effingham	IL	USA
1353	Egegik	AK	USA
703	Ekalaka	MT	USA
1924	Ekwok	AK	USA
1363	El Dorado	AR	USA
1387	El Dorado	KS	USA
1375	El Monte	CA	USA
1369	El Paso	TX	USA
1431	El Reno	OK	USA
109	Elba	AL	USA
226	Elberton	GA	USA
3168	Elbow Lake	MN	USA
1646	Eldon	MO	USA
3113	Electric City	WA	USA
1370	Elfin Cove	AK	USA
1364	Elim	AK	USA
1333	Elizabeth City	NC	USA
37	Elizabethton	TN	USA
1360	Elizabethtown	KY	USA
474	Elizabethtown	NC	USA
1365	Elk City	OK	USA
1356	Elkhart	IN	USA
1350	Elkhart	KS	USA
3190	Elkin	NC	USA
1357	Elkins	WV	USA
1358	Elko	NV	USA
2316	Ellendale	ND	USA
1367	Ellensburg	WA	USA
2310	Ellenville	NY	USA
408	Ellijay	GA	USA
728	Ellsworth	KS	USA
1366	Elmira	NY	USA
1320	Eloy	AZ	USA
1368	Ely	MN	USA
1371	Ely	NV	USA
1347	Emmetsburg	IA	USA
1379	Emmonak	AK	USA
1374	Emporia	KS	USA
1376	Emporia	VA	USA
1206	Endicott	NY	USA
653	Englehard	NC	USA
1923	English Bay	AK	USA
3121	Enid	OK	USA
536	Ennis	MT	USA
1439	Ennis	TX	USA
1336	Enterprise	AL	USA
326	Ephraim	WI	USA
1385	Ephrata	WA	USA
407	Erie	CO	USA
1389	Erie	PA	USA
308	Erwin	NC	USA
170	Escalante	UT	USA
1392	Escanaba	MI	USA
2604	Espanola	NM	USA
1394	Estherville	IA	USA
1399	Eufaula	AL	USA
52	Eufaula	OK	USA
1400	Eugene	OR	USA
461	Eunice	LA	USA
1305	Eunice	NM	USA
19	Eupora	MS	USA
1355	Eureka	CA	USA
107	Eureka	KS	USA
668	Eureka	MT	USA
15	Eureka	NV	USA
2783	Eureka	SD	USA
1406	Evanston	WY	USA
1405	Evansville	IN	USA
713	Evart	MI	USA
1403	Eveleth	MN	USA
2477	Everett	WA	USA
3140	Everglades	FL	USA
1634	Evergreen	AL	USA
1413	Excursion Inlet	AK	USA
1315	Fabens	TX	USA
139	Fair Haven	VT	USA
1458	Fairbanks	AK	USA
1466	Fairbury	NE	USA
1477	Fairfield	IA	USA
1528	Fairfield	IL	USA
459	Fairhope	AL	USA
1513	Fairmont	MN	USA
1499	Fairmont	NE	USA
433	Fairmont	WV	USA
582	Fairview	OK	USA
1212	Faith	SD	USA
2556	Fajardo	PR	USA
2909	Falfurrias	TX	USA
2370	Fall River Mills	CA	USA
1956	Fallbrook	CA	USA
1495	Fallon	NV	USA
1500	Falls City	NE	USA
1910	Falmouth	KY	USA
1925	False Pass	AK	USA
1461	Fargo	ND	USA
1464	Faribault	MN	USA
1453	Farmerville	LA	USA
1511	Farmingdale	NY	USA
1459	Farmington	MO	USA
1497	Farmington	NM	USA
1526	Farmville	VA	USA
332	Faulkton	SD	USA
2122	Fayette	AL	USA
1534	Fayetteville	AR	USA
1463	Fayetteville	NC	USA
1532	Fayetteville	TN	USA
3155	Fayetteville/Springdale/Rogers	AR	USA
1478	Fergus Falls	MN	USA
490	Fernandina Beach	FL	USA
1473	Findlay	OH	USA
2618	Firebaugh	CA	USA
43	Fishers Island	NY	USA
1485	Fitchburg	MA	USA
1460	Fitiuta Village	AS	USA
1535	Fitzgerald	GA	USA
1490	Flagstaff	AZ	USA
2784	Flandreau	SD	USA
1494	Flat	AK	USA
1481	Flemingsburg	KY	USA
1503	Flint	MI	USA
1493	Flippin	AR	USA
1504	Flora	IL	USA
62	Florala	AL	USA
595	Florence	OR	USA
1492	Florence	SC	USA
2615	Floydada	TX	USA
528	Foley	AL	USA
1489	Fond Du Lac	WI	USA
520	Fordyce	AR	USA
267	Forest	MS	USA
1530	Forest City	IA	USA
2718	Forks	WA	USA
1469	Forrest City	AR	USA
192	Forsyth	MT	USA
547	Fort Atkinson	WI	USA
618	Fort Benton	MT	USA
1465	Fort Bridger	WY	USA
1501	Fort Collins/Loveland	CO	USA
1505	Fort Dodge	IA	USA
1483	Fort Huachuca-Sierra Vista	AZ	USA
748	Fort Jones	CA	USA
2934	Fort Leonard Wood	MO	USA
1522	Fort Madison	IA	USA
376	Fort Morgan	CO	USA
417	Fort Payne	AL	USA
1517	Fort Scott	KS	USA
1518	Fort Smith	AR	USA
1520	Fort Stockton	TX	USA
1521	Fort Sumner	NM	USA
1527	Fort Wayne	IN	USA
787	Fort Worth	TX	USA
3161	Fort Yates	ND	USA
1533	Fort Yukon	AK	USA
1508	Fortuna	CA	USA
1516	Fosston	MN	USA
1536	Fostoria	OH	USA
1488	Frankfort	IN	USA
1479	Frankfort	KY	USA
327	Frankfort	MI	USA
2619	Franklin	CA	USA
133	Franklin	NC	USA
1486	Franklin	PA	USA
1487	Franklin	VA	USA
1470	Frederick	MD	USA
1471	Frederick	OK	USA
2926	Fredericksburg	TX	USA
1647	Fredericktown	MO	USA
161	Freehold	NY	USA
1474	Freeport	IL	USA
331	Fremont	MI	USA
1475	Fremont	NE	USA
2721	Fremont	OH	USA
1512	French Lick	IN	USA
1525	Frenchville	ME	USA
1462	Fresno	CA	USA
1482	Friday Harbor	WA	USA
1514	Front Royal	VA	USA
1857	Fryeburg	ME	USA
1491	Ft. Lauderdale	FL	USA
1498	Ft. Myers	FL	USA
1509	Ft. Pierce	FL	USA
1524	Fullerton	CA	USA
176	Fulton	KY	USA
1523	Fulton	MO	USA
1537	Fulton	NY	USA
1502	Funter Bay	AK	USA
1538	Gabbs	NV	USA
1539	Gadsden	AL	USA
1541	Gage	OK	USA
135	Gainesboro	TN	USA
1597	Gainesville	FL	USA
1625	Gainesville	GA	USA
1584	Gainesville	TX	USA
1542	Gaithersburg	MD	USA
1696	Galax	VA	USA
1548	Galbraith Lake	AK	USA
1543	Galena	AK	USA
1547	Galesburg	IL	USA
1604	Galion	OH	USA
2093	Gallatin	TN	USA
1964	Galliano	LA	USA
1545	Gallipolis	OH	USA
1623	Gallup	NM	USA
1587	Galveston	TX	USA
1544	Gambell	AK	USA
662	Ganado	AZ	USA
2336	Garberville	CA	USA
1551	Garden City	KS	USA
233	Gardiner	MT	USA
1903	Gardner	KS	USA
1556	Gardner	MA	USA
2917	Garland	TX	USA
1912	Garnett	KS	USA
1211	Garrison	ND	USA
1633	Gary	IN	USA
722	Gasport	NY	USA
811	Gastonia	NC	USA
14	Gatesville	TX	USA
1586	Gaylord	MI	USA
296	Geneva	AL	USA
2622	Georgetown	CA	USA
1560	Georgetown	DE	USA
229	Georgetown	KY	USA
1562	Georgetown	OH	USA
1569	Georgetown	SC	USA
1620	Georgetown	TX	USA
537	Geraldine	MT	USA
3097	Gettysburg	PA	USA
47	Gettysburg	SD	USA
1039	Gibson City	IL	USA
551	Giddings	TX	USA
1321	Gila Bend	AZ	USA
2094	Gilbertsville	KY	USA
1550	Gillette	WY	USA
428	Gilmer	TX	USA
854	Girdwood	AK	USA
23	Gladewater	TX	USA
1558	Gladwin	MI	USA
1588	Glasgow	KY	USA
1574	Glasgow	MT	USA
1221	Glen Ullin	ND	USA
1563	Glendale	AZ	USA
1557	Glendive	MT	USA
1567	Glens Falls	NY	USA
1576	Glenwood	MN	USA
1325	Glenwood	NM	USA
2469	Globe	AZ	USA
463	Gold Beach	OR	USA
65	Goldfield	NV	USA
1630	Goldsboro	NC	USA
165	Goldsby	OK	USA
2311	Golovin	AK	USA
1961	Gonzales	LA	USA
1594	Gooding	ID	USA
1583	Goodland	KS	USA
1596	Goodnews	AK	USA
1632	Goodyear	AZ	USA
3184	Goose Bay	AK	USA
1610	Gordon	NE	USA
1613	Goshen	IN	USA
1540	Grafton	ND	USA
1310	Graham	TX	USA
1446	Granbury	TX	USA
1592	Granby	CO	USA
1553	Grand Canyon	AZ	USA
1566	Grand Forks	ND	USA
336	Grand Haven	MI	USA
1608	Grand Island	NE	USA
1578	Grand Junction	CO	USA
1117	Grand Marais	MN	USA
1601	Grand Prairie	TX	USA
1612	Grand Rapids	MI	USA
1603	Grand Rapids	MN	USA
183	Grandfield	OK	USA
425	Grandledge	MI	USA
2747	Grangeville	ID	USA
1570	Grant	NE	USA
1595	Grants	NM	USA
366	Grants Pass	OR	USA
906	Granville	NY	USA
2337	Grass Valley	CA	USA
1926	Grayling	AK	USA
489	Grayling	MI	USA
1549	Great Barrington	MA	USA
1546	Great Bend	KS	USA
1618	Great Falls	MT	USA
1631	Greeley	CO	USA
706	Greeley	NE	USA
1605	Green Bay	WI	USA
3013	Green River	UT	USA
436	Greencastle	IN	USA
1555	Greeneville	TN	USA
1568	Greenfield	IA	USA
619	Greensboro	AL	USA
340	Greensboro	GA	USA
1615	Greensboro	NC	USA
1774	Greensburg	IN	USA
2560	Greenville	AL	USA
1607	Greenville	IL	USA
2084	Greenville	KY	USA
319	Greenville	ME	USA
572	Greenville	MI	USA
1585	Greenville	MS	USA
2502	Greenville	NC	USA
429	Greenville	PA	USA
1591	Greenville	SC	USA
1627	Greenville	TX	USA
1628	Greenwood	MS	USA
1606	Greenwood	SC	USA
1616	Greer	SC	USA
715	Gregory	SD	USA
1593	Grenada	MS	USA
1564	Greybull	WY	USA
563	Griffin	GA	USA
13	Griffith	IN	USA
1572	Grinnell	IA	USA
1599	Groton	CT	USA
1590	Grove	OK	USA
231	Grove City	PA	USA
313	Grove Hill	AL	USA
2623	Groveland	CA	USA
1559	Grundy	VA	USA
1311	Gruver	TX	USA
1870	Gulf Shores	AL	USA
1602	Gulfport-Biloxi	MS	USA
1580	Gulkana	AK	USA
1621	Gunnison	CO	USA
671	Guntersville	AL	USA
1617	Gustavus	AK	USA
354	Gustine	CA	USA
1598	Guthrie	OK	USA
1554	Guthrie Center	IA	USA
1624	Guymon	OK	USA
2761	Gwinn	MI	USA
1629	Gwinner	ND	USA
1677	Hagerstown	MD	USA
2882	Hailey	ID	USA
380	Haines	AK	USA
174	Haleyville	AL	USA
1653	Half Moon Bay	CA	USA
1663	Hallock	MN	USA
3025	Halls Crossing	UT	USA
430	Hamburg	NY	USA
1651	Hamilton	AL	USA
597	Hamilton	MT	USA
1640	Hamilton	NY	USA
1655	Hamilton	OH	USA
2217	Hamilton	TX	USA
1664	Hammond	LA	USA
2307	Hammonton	NJ	USA
416	Hampton	GA	USA
1713	Hampton	IA	USA
1702	Hana	HI	USA
1682	Hanalei	HI	USA
2479	Hanapepe	HI	USA
1137	Hancock	MI	USA
1689	Hanford	CA	USA
1743	Hanksville	UT	USA
1652	Hannibal	MO	USA
305	Happy Camp	CA	USA
1225	Harbor Springs	MI	USA
1794	Hardinsburg	KY	USA
1703	Harlan	IA	USA
1775	Harlan	KY	USA
406	Harlem	MT	USA
1719	Harlingen	TX	USA
1750	Harlowton	MT	USA
1725	Harrisburg	IL	USA
1201	Harrisburg	PA	USA
1720	Harrison	AR	USA
1784	Harrison	OH	USA
2219	Harrisonville	MO	USA
1675	Hartford	CT	USA
635	Hartford	KY	USA
1753	Hartford	WI	USA
40	Hartington	NE	USA
518	Hartselle	AL	USA
1746	Hartsville	SC	USA
28	Harvard	NE	USA
2317	Harvey	ND	USA
112	Haskell	TX	USA
718	Hastings	MI	USA
1727	Hastings	NE	USA
1306	Hatch	NM	USA
1726	Hatteras	NC	USA
1658	Hattiesburg	MS	USA
2513	Hattiesburg-Laurel	MS	USA
724	Havana	IL	USA
1745	Havre	MT	USA
3051	Hawi	HI	USA
1748	Hawk Inlet	AK	USA
12	Hawley	MN	USA
1680	Hawthorne	CA	USA
1732	Hawthorne	NV	USA
1656	Haycock	AK	USA
1668	Hayden	CO	USA
2624	Hayfork	CA	USA
1759	Hays	KS	USA
1747	Hayward	CA	USA
1758	Hayward	WI	USA
1898	Hazard	KY	USA
904	Hazelhurst	GA	USA
1762	Hazen	ND	USA
1763	Hazleton	PA	USA
63	Headland	AL	USA
2344	Healdsburg	CA	USA
1435	Healdton	OK	USA
1721	Healy	AK	USA
2922	Hearne	TX	USA
1660	Hebbronville	TX	USA
306	Heber	UT	USA
1661	Heber Springs	AR	USA
1688	Hebron	NE	USA
145	Hector	MN	USA
1695	Helena	MT	USA
1670	Helena-West Helena	AR	USA
1697	Hemet	CA	USA
1352	Henderson	KY	USA
1425	Henderson	TX	USA
1424	Henryetta	OK	USA
1723	Hereford	TX	USA
1722	Herington	KS	USA
1718	Hermiston	OR	USA
1958	Hesperia	CA	USA
1672	Hettinger	ND	USA
1683	Hibbing	MN	USA
1692	Hickory	NC	USA
1685	Higginsville	MO	USA
1519	Highgate	VT	USA
714	Highmore	SD	USA
1693	Hill City	KS	USA
5	Hilliard	FL	USA
523	Hillsboro	ND	USA
1706	Hillsboro	OH	USA
532	Hillsboro	TX	USA
1687	Hillsboro (Portland)	OR	USA
1888	Hillsdale	MI	USA
1847	Hilo	HI	USA
1752	Hilton Head Island	SC	USA
257	Hinesville	GA	USA
273	Hinton	OK	USA
1659	Hobart	OK	USA
1705	Hobbs	NM	USA
2470	Holbrook	AZ	USA
1457	Holdenville	OK	USA
1665	Holdredge	NE	USA
958	Holland	MI	USA
110	Hollandale	MS	USA
1757	Hollis	AK	USA
2346	Hollis	OK	USA
358	Hollister	CA	USA
2099	Holly Springs	MS	USA
1749	Hollywood	FL	USA
1949	Holtville	CA	USA
475	Holy Cross	AK	USA
1673	Holyoke	CO	USA
2739	Homedale	ID	USA
1708	Homer	AK	USA
508	Homer	LA	USA
1707	Homerville	GA	USA
3150	Homestead	FL	USA
1648	Hominy	OK	USA
1669	Hondo	TX	USA
2292	Honesdale	PA	USA
1701	Honolulu	HI	USA
464	Hood River	OR	USA
2351	Hooker	OK	USA
1700	Hoonah	AK	USA
2338	Hoopa	CA	USA
1711	Hooper Bay	AK	USA
513	Hope	AK	USA
2082	Hope	AR	USA
1742	Hopkinsville	KY	USA
1715	Hoquiam	WA	USA
432	Hornell	NY	USA
585	Horseshoe Bend	AR	USA
1710	Hot Springs	AR	USA
1730	Hot Springs	SD	USA
1729	Hot Springs	VA	USA
1733	Houghton Lake	MI	USA
1738	Houlton	ME	USA
1739	Houma	LA	USA
2103	Houston	MO	USA
2101	Houston	MS	USA
1296	Houston	TX	USA
2785	Hoven	SD	USA
678	Howard	SD	USA
2465	Howell	MI	USA
138	Hudson	NY	USA
1740	Hughes	AK	USA
1681	Hugo	OK	USA
1714	Hugoton	KS	USA
3153	Humacao	PR	USA
64	Humboldt	IA	USA
2105	Humboldt	TN	USA
1699	Huntingburg	IN	USA
1761	Huntingdon	TN	USA
1679	Huntington	IN	USA
1735	Huntington	WV	USA
1731	Huntsville	AL	USA
3053	Huntsville	TX	USA
1709	Huron	SD	USA
1728	Huslia	AK	USA
1741	Hutchinson	KS	USA
1662	Hutchinson	MN	USA
1754	Hyannis	MA	USA
197	Hyannis	NE	USA
1755	Hydaburg	AK	USA
476	Hyder	AK	USA
454	Idabel	OK	USA
1801	Idaho Falls	ID	USA
1810	Igiugig	AK	USA
1822	Iliamna	AK	USA
365	Illinois Valley (Cave Junction)	OR	USA
1825	Immokalee	FL	USA
1835	Imperial	CA	USA
1824	Imperial	NE	USA
272	Independence	CA	USA
1814	Independence	IA	USA
1804	Independence	KS	USA
648	Independence	OR	USA
289	Indian Head	MD	USA
1802	Indiana	PA	USA
1415	Indianapolis	IN	USA
1676	Indianapolis/Greenwood	IN	USA
1803	Indianola	MS	USA
1829	International Falls	MN	USA
3148	Inverness	FL	USA
1854	Inyokern	CA	USA
1917	Iola	KS	USA
2720	Ione	WA	USA
3171	Ionia	MI	USA
1833	Iowa City	IA	USA
1808	Iowa Falls	IA	USA
1827	Iron Mountain/Kingsford	MI	USA
1849	Ironwood	MI	USA
1160	Isla De Culebra	PR	USA
3086	Isla De Vieques	PR	USA
495	Islesboro	ME	USA
1842	Islip	NY	USA
1846	Ithaca	NY	USA
1927	Ivanof Bay	AK	USA
497	Jackman	ME	USA
21	Jackpot	NV	USA
1860	Jacksboro	TN	USA
207	Jacksboro	TX	USA
458	Jackson	AL	USA
2365	Jackson	CA	USA
1872	Jackson	KY	USA
1885	Jackson	MI	USA
2183	Jackson	MN	USA
1691	Jackson	MS	USA
1779	Jackson	OH	USA
2190	Jackson	TN	USA
1858	Jackson	WY	USA
212	Jacksonville	FL	USA
1818	Jacksonville	IL	USA
2371	Jacksonville	NC	USA
1880	Jacksonville	TX	USA
785	Jaffrey	NH	USA
1314	Jal	NM	USA
1900	Jamestown	KY	USA
1875	Jamestown	ND	USA
1869	Jamestown	NY	USA
235	Jamestown	TN	USA
1882	Janesville	WI	USA
1867	Jasper	AL	USA
1891	Jasper	GA	USA
849	Jasper	TN	USA
1859	Jasper	TX	USA
66	Jean	NV	USA
511	Jeanette	PA	USA
128	Jefferson	GA	USA
1345	Jefferson	IA	USA
1864	Jefferson City	MO	USA
1883	Jeffersonville	IN	USA
31	Jekyll Island	GA	USA
188	Jena	LA	USA
364	Jennings	LA	USA
1865	Jerome	ID	USA
1866	Jesup	GA	USA
515	John Day	OR	USA
261	Johnson	KS	USA
2329	Johnstown	NY	USA
1881	Johnstown	PA	USA
1861	Jonesboro	AR	USA
1454	Jonesboro	LA	USA
1873	Joplin	MO	USA
1863	Jordan	MT	USA
465	Joseph	OR	USA
1862	Junction	TX	USA
341	Junction City	KS	USA
541	Juneau	AK	USA
3047	Juneau	WI	USA
539	Kadoka	SD	USA
2389	Kahului	HI	USA
1936	Kailua/Kona	HI	USA
804	Kaiser/Lake Ozark	MO	USA
781	Kake	AK	USA
999	Kaktovik	AK	USA
905	Kalamazoo	MI	USA
2050	Kalaupapa	HI	USA
1467	Kalispell	MT	USA
1931	Kalskag	AK	USA
1920	Kaltag	AK	USA
2746	Kamiah	ID	USA
2254	Kamuela	HI	USA
1934	Kanab	UT	USA
1819	Kankakee	IL	USA
2143	Kansas City	MO	USA
542	Kantishna	AK	USA
1879	Kapolei	HI	USA
1947	Karluk	AK	USA
1946	Kasaan	AK	USA
3181	Kasigluk	AK	USA
2189	Kaunakakai	HI	USA
91	Kayenta	AZ	USA
1329	Kearney	NE	USA
1339	Keene	NH	USA
669	Kelleys Island	OH	USA
2748	Kellogg	ID	USA
1933	Kelso	WA	USA
1373	Kemmerer	WY	USA
1377	Kenai	AK	USA
1272	Kenansville	NC	USA
3101	Kenbridge	VA	USA
1044	Kendallville	IN	USA
279	Kenedy	TX	USA
2318	Kenmare	ND	USA
2737	Kenmore	WA	USA
2959	Kennett	MO	USA
1382	Kenosha	WI	USA
153	Kent	OH	USA
477	Kentland	IN	USA
1795	Kenton	OH	USA
1383	Keokuk	IA	USA
1950	Kernville	CA	USA
1390	Kerrville	TX	USA
684	Ketchikan	AK	USA
1417	Kewanee	IL	USA
1416	Key West	FL	USA
387	Keystone Heights	FL	USA
1798	Kiana	AK	USA
1476	Kill Devil Hills	NC	USA
1609	Killeen	TX	USA
1799	Kimball	NE	USA
182	Kindred	ND	USA
1928	King City	CA	USA
1943	King Cove	AK	USA
814	King Salmon	AK	USA
1811	Kingman	AZ	USA
729	Kingman	KS	USA
203	Kingston	NY	USA
1434	Kingston	OK	USA
1119	Kingstree	SC	USA
2925	Kingsville	TX	USA
1841	Kinston	NC	USA
1815	Kipnuk	AK	USA
1837	Kirksville	MO	USA
1930	Kitoi Bay	AK	USA
1944	Kivalina	AK	USA
2022	Klamath Falls	OR	USA
818	Klawock	AK	USA
2460	Knox	IN	USA
2462	Knoxville	IA	USA
1256	Knoxville	TN	USA
2375	Kobuk	AK	USA
775	Kodiak	AK	USA
726	Kokhanok	AK	USA
2398	Kokomo	IN	USA
1892	Koliganek	AK	USA
1290	Kongiganak	AK	USA
2442	Kosciusko	MS	USA
237	Kotlik	AK	USA
2446	Kotzebue	AK	USA
394	Kountze/Silsbee	TX	USA
1929	Koyuk	AK	USA
1948	Koyukuk	AK	USA
205	Kremmling	CO	USA
1945	Kwethluk	AK	USA
753	Kwigillingok	AK	USA
2045	La Crosse	WI	USA
2003	La Grande	OR	USA
371	La Grange	TX	USA
2008	La Junta	CO	USA
2320	La Moure (New Site)	ND	USA
460	La Pointe	WI	USA
2551	La Porte	IN	USA
2913	La Porte	TX	USA
2542	La Verne	CA	USA
3144	Labelle	FL	USA
1049	Lacon	IL	USA
1990	Laconia	NH	USA
2639	Ladysmith	WI	USA
710	LaFayette	GA	USA
1975	Lafayette	IN	USA
2000	Lafayette	LA	USA
347	Lafayette	TN	USA
527	Lago Vista	TX	USA
2002	Lagrange	GA	USA
1868	Lahaina	HI	USA
1191	Lake Charles	LA	USA
1991	Lake City	FL	USA
1686	Lake Havasu City	AZ	USA
323	Lake In The Hills	IL	USA
3185	Lake Louise	AK	USA
2014	Lake Placid	NY	USA
73	Lake Providence	LA	USA
2092	Lake Village	AR	USA
3142	Lake Wales	FL	USA
1976	Lakeland	FL	USA
184	Lakeport	CA	USA
106	Lakeview	MI	USA
2017	Lakeview	OR	USA
2284	Lakewood	NJ	USA
304	Lakin	KS	USA
2319	Lakota	ND	USA
1974	Lamar	CO	USA
2020	Lamar	MO	USA
512	Lambertville	MI	USA
244	Lamesa	TX	USA
2056	Lamoni	IA	USA
2910	Lampasas	TX	USA
2031	Lanai City	HI	USA
3123	Lancaster	CA	USA
1224	Lancaster	NY	USA
2006	Lancaster	OH	USA
2030	Lancaster	PA	USA
2015	Lancaster	SC	USA
2024	Lancaster	TX	USA
606	Lancaster	WI	USA
2027	Land O' Lakes	WI	USA
2025	Lander	WY	USA
621	Lanett	AL	USA
1220	Langdon	ND	USA
3114	Langley	WA	USA
1978	Lansing	MI	USA
2023	Lantana	FL	USA
1226	Lapeer	MI	USA
1979	Laramie	WY	USA
2040	Laredo	TX	USA
2039	Larned	KS	USA
236	Larsen Bay	AK	USA
2043	Las Cruces	NM	USA
2053	Las Vegas	NM	USA
1954	Las Vegas	NV	USA
1983	Latrobe	PA	USA
2049	Laurel	MS	USA
598	Laurel	MT	USA
300	Laurens	SC	USA
2055	Lawrence	KS	USA
2058	Lawrence	MA	USA
265	Lawrenceburg	TN	USA
2069	Lawrenceville	GA	USA
2061	Lawrenceville	IL	USA
1980	Lawton	OK	USA
2042	Le Mars	IA	USA
509	Le Roy	NY	USA
105	Le Sueur	MN	USA
2065	Leadville	CO	USA
1986	Lebanon	MO	USA
1994	Lebanon	NH	USA
1785	Lebanon	OH	USA
2724	Lebanon	OR	USA
2106	Lebanon	TN	USA
2340	Lee Vining	CA	USA
2064	Lee's Summit	MO	USA
1995	Leesburg	FL	USA
1889	Leesburg	VA	USA
1962	Leesville	LA	USA
211	Lehighton	PA	USA
1996	Lemmon	SD	USA
290	Leonardtown	MD	USA
344	Leoti	KS	USA
2608	Levelland	TX	USA
1932	Levelock	AK	USA
2048	Lewisburg	TN	USA
2054	Lewisburg	WV	USA
2059	Lewiston	ID	USA
2060	Lewistown	MT	USA
1998	Lexington	KY	USA
129	Lexington	MS	USA
1414	Lexington	NC	USA
2063	Lexington	NE	USA
2279	Lexington	NY	USA
737	Lexington	OR	USA
2104	Lexington	TN	USA
2736	Libby	MT	USA
1985	Liberal	KS	USA
2924	Liberty	TX	USA
2011	Lihue	HI	USA
843	Lima	OH	USA
238	Lime Village	AK	USA
2010	Limon	CO	USA
2005	Lincoln	CA	USA
345	Lincoln	IL	USA
2041	Lincoln	ME	USA
2742	Lincoln	MT	USA
2026	Lincoln	NE	USA
2282	Lincoln Park	NJ	USA
1834	Lincolnton	NC	USA
1992	Linden	NJ	USA
2079	Linden	TN	USA
164	Lindsay	OK	USA
159	Linn	MO	USA
2321	Linton	ND	USA
346	Litchfield	IL	USA
2013	Litchfield	MN	USA
2062	Little Falls	MN	USA
2354	Little River	CA	USA
2012	Little Rock	AR	USA
2602	Littlefield	TX	USA
217	Live Oak	FL	USA
2051	Livermore	CA	USA
2052	Livingston	MT	USA
672	Livingston	TN	USA
2	Livingston	TX	USA
593	Llano	TX	USA
311	Loa	UT	USA
2007	Lock Haven	PA	USA
480	Lockhart	TX	USA
55	Lockport	NY	USA
185	Lodi	CA	USA
2004	Logan	UT	USA
584	Logan	WV	USA
1573	Logansport	IN	USA
2036	Lompoc	CA	USA
2035	London	KY	USA
3059	London	OH	USA
2341	Lone Pine	CA	USA
2001	Long Beach	CA	USA
111	Long Prairie	MN	USA
286	Longmont	CO	USA
1571	Longview	TX	USA
3156	Longville	MN	USA
2725	Lopez	WA	USA
2037	Lorain/Elyria	OH	USA
2044	Lordsburg	NM	USA
516	Loris	SC	USA
1977	Los Alamos	NM	USA
1981	Los Angeles	CA	USA
2047	Los Banos	CA	USA
1972	Lost Hills	CA	USA
2016	Louisa	VA	USA
2009	Louisburg	NC	USA
258	Louisville	GA	USA
2034	Louisville	KY	USA
2021	Louisville	MS	USA
51	Loup City	NE	USA
2032	Lovelock	NV	USA
1307	Lovington	NM	USA
1982	Lubbock	TX	USA
1993	Ludington	MI	USA
1999	Lufkin	TX	USA
114	Luka	MS	USA
457	Lumberton	MS	USA
1987	Lumberton	NC	USA
2286	Lumbrerton	NJ	USA
3105	Luray	VA	USA
2046	Lusk	WY	USA
1214	Luverne	MN	USA
2067	Lynchburg	VA	USA
570	Lyndonville	VT	USA
2068	Lyons	KS	USA
2260	Machias	ME	USA
2140	Mackinac Island	MI	USA
2231	Macomb	IL	USA
2125	Macon	GA	USA
1918	Macon	MO	USA
202	Macon	MS	USA
2126	Madera	CA	USA
150	Madill	OK	USA
2281	Madison	CT	USA
483	Madison	GA	USA
1826	Madison	IN	USA
1300	Madison	MN	USA
2135	Madison	MS	USA
2151	Madison	SD	USA
665	Madison	WI	USA
254	Madisonville	KY	USA
2216	Madisonville	TN	USA
2727	Madras	OR	USA
2291	Magdalena	NM	USA
123	Magee	MS	USA
790	Magnolia	AR	USA
352	Mahnomen	MN	USA
2131	Malden	MO	USA
2129	Malone	NY	USA
2114	Malta	MT	USA
2117	Malvern	AR	USA
2206	Mammoth Lakes	CA	USA
1671	Manassas	VA	USA
2175	Manchester	NH	USA
3160	Mandan	ND	USA
262	Mangum	OK	USA
2170	Manhattan	KS	USA
2269	Manila	AR	USA
383	Manila	UT	USA
2134	Manistee	MI	USA
1843	Manistique	MI	USA
1216	Manitowish Waters	WI	USA
2253	Manitowoc	WI	USA
2192	Mankato	MN	USA
2205	Manley Hot Springs	AK	USA
2213	Manning	SC	USA
125	Manokotak	AK	USA
328	Mansfield	LA	USA
140	Mansfield	MA	USA
2159	Mansfield	OH	USA
2232	Manteo	NC	USA
384	Manti	UT	USA
400	Manville	NJ	USA
363	Many	LA	USA
2158	Mapleton	IA	USA
2429	Maquoketa	IA	USA
891	Marana	AZ	USA
2247	Marathon	FL	USA
2194	Marco Island	FL	USA
2237	Marfa	TX	USA
587	Marianna	AR	USA
2128	Marianna	FL	USA
2707	Marietta	GA	USA
2373	Marina	CA	USA
612	Marine City	MI	USA
819	Marion	AL	USA
1035	Marion	IA	USA
2263	Marion	IL	USA
2278	Marion	IN	USA
521	Marion	KY	USA
2215	Marion	OH	USA
2130	Marion	SC	USA
2188	Marion	VA	USA
2363	Mariposa	CA	USA
588	Marked Tree	AR	USA
2193	Marksville	LA	USA
613	Marlette	MI	USA
2201	Marshall	AK	USA
414	Marshall	AR	USA
2665	Marshall	MI	USA
2209	Marshall	MN	USA
2171	Marshall	MO	USA
867	Marshall	TX	USA
2182	Marshalltown	IA	USA
320	Marshfield	MA	USA
2161	Marshfield	WI	USA
2262	Marthas Vineyard	MA	USA
742	Martin	SD	USA
2235	Martinsburg	WV	USA
2252	Martinsville	VA	USA
2276	Marysville	CA	USA
2277	Marysville	KS	USA
1790	Marysville	OH	USA
1404	Maryville	MO	USA
2946	Mason	MI	USA
2145	Mason City	IA	USA
2245	Massena	NY	USA
2250	Mattoon-Charleston	IL	USA
2153	Maxton	NC	USA
2272	May Creek	AK	USA
2132	Mayaguez	PR	USA
2088	Mayfield	KY	USA
2196	McAlester	OK	USA
2160	McAllen	TX	USA
209	McArthur	OH	USA
2273	McCall	ID	USA
115	McCarthy	AK	USA
2139	McComb	MS	USA
2144	McCook	NE	USA
225	McDermitt	OR	USA
638	McGehee	AR	USA
2142	McGrath	AK	USA
2958	McKinney	TX	USA
2786	McLaughlin	SD	USA
2211	McMinnville	OR	USA
2666	McMinnville	TN	USA
2228	McPherson	KS	USA
2233	McRae	GA	USA
2155	Meade	KS	USA
1579	Meadville	PA	USA
2356	Medford	OK	USA
2162	Medford	OR	USA
2152	Medford	WI	USA
2150	Medfra	AK	USA
155	Medina	OH	USA
1340	Meeker	CO	USA
2275	Mekoryuk	AK	USA
385	Melbourne	AR	USA
2195	Melbourne	FL	USA
2163	Melfa	VA	USA
10	Memphis	MO	USA
2070	Memphis	TN	USA
1428	Memphis	TX	USA
2097	Mena	AR	USA
2625	Mendota	CA	USA
2214	Menominee	MI	USA
3098	Menomonie	WI	USA
2141	Merced	CA	USA
2208	Meriden	CT	USA
2154	Meridian	MS	USA
2684	Merrill	WI	USA
1149	Merritt Island	FL	USA
1480	Mesa	AZ	USA
559	Mesquite	NV	USA
1717	Mesquite	TX	USA
2249	Metlakatla	AK	USA
2091	Metropolis	IL	USA
2173	Metter	GA	USA
2066	Mexia	TX	USA
1642	Mexico	MO	USA
660	Meyers Chuck	AK	USA
2177	Miami	FL	USA
2179	Miami	OK	USA
2164	Michigan City	IN	USA
567	Middlebury	VT	USA
631	Middlefield	OH	USA
134	Middlesboro	KY	USA
1038	Middleton	WI	USA
1407	Middletown	DE	USA
20	Middletown	NY	USA
2268	Middletown	OH	USA
322	Midland	MI	USA
2127	Midland	TX	USA
468	Midlothian-Waxahachie	TX	USA
142	Milbank	SD	USA
2202	Miles City	MT	USA
2198	Milford	UT	USA
391	Millbrook	NY	USA
2200	Milledgeville	GA	USA
259	Millen	GA	USA
2185	Miller	SD	USA
94	Millersburg	OH	USA
268	Millington	TN	USA
2203	Millinocket	ME	USA
2181	Millville	NJ	USA
277	Milton	FL	USA
2186	Milwaukee	WI	USA
2172	Minchumina	AK	USA
1430	Minden	LA	USA
88	Minden	NE	USA
2157	Minden	NV	USA
2239	Mineral Point	WI	USA
2266	Mineral Wells	TX	USA
836	Minneapolis	MN	USA
861	Minocqua-Woodruff	WI	USA
2223	Minot	ND	USA
482	Minto	AK	USA
90	Mission	SD	USA
2244	Missoula	MT	USA
2169	Mitchell	SD	USA
1146	Moab	UT	USA
2138	Moberly	MO	USA
939	Mobile	AL	USA
2133	Mobridge	SD	USA
2220	Modesto	CA	USA
1657	Mohall	ND	USA
2176	Mojave	CA	USA
1666	Mokuleia	HI	USA
2199	Moline	IL	USA
1304	Monahans	TX	USA
478	Moncks Corner	SC	USA
2107	Monett	MO	USA
1046	Monmouth	IL	USA
2476	Monongahela	PA	USA
1223	Monroe	GA	USA
2204	Monroe	LA	USA
2988	Monroe	MI	USA
1388	Monroe	NC	USA
1344	Monroe	WI	USA
2256	Monroeville	AL	USA
2823	Montague	CA	USA
41	Montague	MA	USA
2251	Montauk	NY	USA
2258	Monte Vista	CO	USA
2241	Monterey	CA	USA
2257	Montevideo	MN	USA
486	Montezuma	GA	USA
2166	Montgomery	AL	USA
2165	Montgomery	NY	USA
2019	Monticello	AR	USA
2270	Monticello	IA	USA
2146	Monticello	IN	USA
1359	Monticello	KY	USA
586	Monticello	MO	USA
2246	Monticello	NY	USA
3015	Monticello	UT	USA
2248	Montrose	CO	USA
2148	Mooreland	OK	USA
1871	Moorhead	MN	USA
1874	Mora	MN	USA
1773	Morehead	KY	USA
2240	Morganton	NC	USA
2168	Morgantown	WV	USA
48	Moriarty	NM	USA
928	Morrilton	AR	USA
1033	Morris	IL	USA
2225	Morris	MN	USA
2210	Morristown	NJ	USA
2222	Morristown	TN	USA
2259	Morrisville	VT	USA
1452	Morton	TX	USA
1600	Mosby	MO	USA
2264	Moses Lake	WA	USA
1190	Mosinee	WI	USA
2322	Mott	ND	USA
2167	Moultrie	GA	USA
608	Moundsville	WV	USA
2265	Mount Airy	NC	USA
3062	Mount Holly	NJ	USA
639	Mount Ida	AR	USA
2230	Mount Pleasant	IA	USA
2221	Mount Pleasant	MI	USA
2474	Mount Pleasant	PA	USA
2242	Mount Pleasant	TX	USA
2227	Mount Pocono	PA	USA
1832	Mount Sterling	KY	USA
435	Mount Vernon	OH	USA
1445	Mount Vernon	TX	USA
565	Mountain City	TN	USA
177	Mountain Grove	MO	USA
989	Mountain Home	AR	USA
3022	Mountain Home	ID	USA
2212	Mountain View	MO	USA
2224	Mountain Village	AK	USA
806	Mt Carmel	IL	USA
3102	Mt Olive	NC	USA
688	Mt Pleasant	SC	USA
437	Mt. Gilead	OH	USA
1782	Mt. Sterling	IL	USA
2261	Mt. Vernon	IL	USA
284	Muleshoe	TX	USA
466	Mulino (Portland)	OR	USA
2178	Muncie	IN	USA
2787	Murdo	SD	USA
2137	Murfreesboro	TN	USA
1448	Murieta/Temecula	CA	USA
1085	Murray	KY	USA
2255	Muscatine	IA	USA
2243	Muscle Shoals	AL	USA
2187	Muskegon	MI	USA
2191	Muskogee	OK	USA
2274	Myrtle Beach	SC	USA
119	Myrtle Creek	OR	USA
3175	NA	NA	Federated States of Micronesia
2860	NA	NA	N Mariana Islands
2675	NA	NA	Palau
2674	NA	NA	Thailand
1125	NA	NA	USA
2377	Nacogdoches	TX	USA
438	Nahunta	GA	USA
525	Naknek	AK	USA
2740	Nampa	ID	USA
765	Nantucket	MA	USA
846	Napa	CA	USA
3129	Napakiak	AK	USA
2521	Napaskiak	AK	USA
847	Naples	FL	USA
2392	Napoleon	OH	USA
865	Nashua	NH	USA
2116	Nashville	AR	USA
439	Nashville	GA	USA
978	Nashville	TN	USA
1674	Natchez	MS	USA
1807	Natchitoches	LA	USA
196	Navajo Dam	NM	USA
783	Nebraska City	NE	USA
1337	Needles	CA	USA
3075	Neillsville	WI	USA
473	Neligh	NE	USA
3186	Nelson Lagoon	AK	USA
1380	Nenana	AK	USA
1384	Neosho	MO	USA
3010	Nephi	UT	USA
405	Ness City	KS	USA
2328	Nevada	MO	USA
2112	New Albany	MS	USA
1408	New Bedford	MA	USA
1410	New Bern	NC	USA
915	New Braunfels	TX	USA
3058	New Castle	IN	USA
3031	New Castle	PA	USA
1744	New Haven	CT	USA
674	New Holstein	WI	USA
3164	New Hudson	MI	USA
855	New Iberia	LA	USA
1792	New Lexington	OH	USA
656	New Lisbon	WI	USA
1354	New Madrid	MO	USA
643	New Orleans	LA	USA
2503	New Philadelphia	OH	USA
2667	New Richmond	WI	USA
1764	New Roads	LA	USA
1402	New Smyrna Beach	FL	USA
1935	New Stuyahok	AK	USA
3042	New Ulm	MN	USA
589	New York	NY	USA
1411	Newark	NJ	USA
3089	Newark	OH	USA
281	Newberg	OR	USA
1391	Newberry	MI	USA
228	Newberry	SC	USA
2892	Newburgh	NY	USA
1334	Newcastle	WY	USA
1066	Newnan	GA	USA
2083	Newport	AR	USA
239	Newport	NH	USA
2420	Newport	OR	USA
3055	Newport	RI	USA
1343	Newport	VT	USA
2504	Newport News	VA	USA
1412	Newtok	AK	USA
2966	Newton	IA	USA
1409	Newton	KS	USA
2086	Newton	MS	USA
1797	Niagara Falls	NY	USA
1813	Nightmute	AK	USA
524	Nikolai	AK	USA
372	Niles	MI	USA
172	No Lit Rock	AR	USA
3134	Noatak	AK	USA
2407	Nogales	AZ	USA
2412	Nome	AK	USA
526	Nondalton	AK	USA
2439	Noorvik	AK	USA
294	Norfolk	MA	USA
2385	Norfolk	NE	USA
1156	Norfolk	VA	USA
2447	Norman	OK	USA
2455	Norridgewock	ME	USA
853	North Adams	MA	USA
393	North Bass Island	OH	USA
2444	North Bend	OR	USA
2428	North Kingstown	RI	USA
1165	North Myrtle Beach	SC	USA
1984	North Platte	NE	USA
2449	North Vernon	IN	USA
702	North Whale Pass	AK	USA
3038	North Wilkesboro	NC	USA
624	Northampton	MA	USA
2438	Northway	AK	USA
353	Northwood	ND	USA
2326	Norton	KS	USA
2393	Norwalk	OH	USA
655	Norway	ME	USA
2395	Norwich	NY	USA
2453	Norwood	MA	USA
1294	Novato	CA	USA
1644	Nowata	OK	USA
602	Nucla	CO	USA
852	Nuiqsut	AK	USA
2327	Nulato	AK	USA
116	Nunapitchuk	AK	USA
2417	O Neill	NE	USA
731	Oak Grove	LA	USA
2342	Oakdale	CA	USA
1963	Oakdale	LA	USA
243	Oakes	ND	USA
2372	Oakland	CA	USA
250	Oakland	MD	USA
2383	Oakley	KS	USA
2396	Oberlin	KS	USA
1614	Obyan	CQ	USA
2376	Ocala	FL	USA
2457	Ocean City	MD	USA
223	Ocean City	NJ	USA
544	Ocean Isle Beach	NC	USA
3096	Ocean Shores	WA	USA
1965	Oceano	CA	USA
2397	Oceanside	CA	USA
2378	Oconto	WI	USA
3108	Ocracoke	NC	USA
1496	Odenton	MD	USA
2380	Odessa	TX	USA
3115	Odessa	WA	USA
2411	Oelwein	IA	USA
3180	Ofu Village	AS	USA
2386	Ogallala	NE	USA
2388	Ogden	UT	USA
2391	Ogdensburg	NY	USA
2374	Okeechobee	FL	USA
2362	Okeene	OK	USA
1450	Okemah	OK	USA
1432	Oklahoma City	OK	USA
2399	Okmulgee	OK	USA
498	Okolona	MS	USA
1853	Olathe	KS	USA
351	Old Bridge	NJ	USA
592	Old Harbor	AK	USA
2403	Old Town	ME	USA
2404	Olean	NY	USA
2409	Olive Branch	MS	USA
2422	Olney	TX	USA
2410	Olney-Noble	IL	USA
2406	Olympia	WA	USA
2197	Omaha	NE	USA
2414	Omak	WA	USA
2779	Oneida	TN	USA
201	Oneonta	AL	USA
2300	Oneonta	NY	USA
704	Onida	SD	USA
2421	Ontario	CA	USA
2419	Ontario	OR	USA
2390	Ontonagon	MI	USA
2426	Opelousas	LA	USA
3183	Ophir	AK	USA
2433	Orange	MA	USA
2434	Orange	TX	USA
2413	Orange	VA	USA
2432	Orange City	IA	USA
2387	Orangeburg	SC	USA
2381	Ord	NE	USA
2347	Orland	CA	USA
1839	Orlando	FL	USA
2415	Ormond Beach	FL	USA
2741	Orofino	ID	USA
2448	Oroville	CA	USA
85	Oroville	WA	USA
2431	Orr	MN	USA
3094	Ortonville	MN	USA
1897	Osage Beach	MO	USA
487	Osage City	KS	USA
640	Osceola	AR	USA
1788	Osceola	IA	USA
2384	Osceola	WI	USA
2440	Oscoda	MI	USA
2400	Oshkosh	NE	USA
2441	Oshkosh	WI	USA
2424	Oskaloosa	IA	USA
1911	Oswego	KS	USA
2743	Othello	WA	USA
2454	Ottawa	KS	USA
2456	Ottawa	OH	USA
2445	Ottumwa	IA	USA
443	Ouzinkie	AK	USA
149	Overbrook	OK	USA
67	Overton	NV	USA
2451	Owatonna	MN	USA
2452	Owensboro	KY	USA
506	Owosso	MI	USA
96	Owyhee	NV	USA
2458	Oxford	CT	USA
3050	Oxford	MS	USA
1704	Oxford	NC	USA
2459	Oxford	OH	USA
2461	Oxnard	CA	USA
604	Ozark	AL	USA
641	Ozark	AR	USA
2464	Ozona	TX	USA
491	Packwood	WA	USA
2478	Paducah	KY	USA
2498	Page	AZ	USA
2598	Pageland	SC	USA
2550	Pago Pago	AS	USA
285	Pagosa Springs	CO	USA
2507	Pahokee	FL	USA
2571	Palacios	TX	USA
230	Palatka	FL	USA
2569	Palestine	TX	USA
2570	Palm Springs	CA	USA
2530	Palmdale	CA	USA
2482	Palmer	AK	USA
2534	Palmer	MA	USA
666	Palmyra	WI	USA
2481	Palo Alto	CA	USA
2547	Pampa	TX	USA
169	Panaca	NV	USA
2497	Panama City	FL	USA
3017	Panguitch	UT	USA
1914	Paola	KS	USA
1778	Paoli	IN	USA
2626	Paradise	CA	USA
2501	Paragould	AR	USA
195	Paris	ID	USA
2559	Paris	IL	USA
2512	Paris	TN	USA
2562	Paris	TX	USA
2524	Park Falls	WI	USA
2523	Park Rapids	MN	USA
3163	Park River	ND	USA
2471	Parker	AZ	USA
2522	Parkersburg	WV	USA
2788	Parkston	SD	USA
171	Parowan	UT	USA
3172	Parshall	ND	USA
2549	Parsons	KS	USA
69	Parsons	TN	USA
2554	Pascagoula	MS	USA
2564	Pasco	WA	USA
2557	Paso Robles	CA	USA
2576	Patterson	LA	USA
1938	Pauloff Harbor	AK	USA
2589	Pauls Valley	OK	USA
1650	Pawnee	OK	USA
479	Pawnee City	NE	USA
2806	Pawtucket	RI	USA
2480	Payson	AZ	USA
154	Peach Springs	AZ	USA
2495	Pecos City	TX	USA
645	Pedrictown	NJ	USA
442	Pedro Bay	AK	USA
2964	Peipeinimaru	CQ	USA
1034	Pekin	IL	USA
2493	Pelican	AK	USA
578	Pelion	SC	USA
2528	Pell City	AL	USA
2492	Pella	IA	USA
2527	Pellston	MI	USA
2529	Pembina	ND	USA
45	Pender	NE	USA
2491	Pendleton	OR	USA
2494	Penn Yan	NY	USA
2541	Pensacola	FL	USA
350	Peoria	IL	USA
381	Perry	FL	USA
2597	Perry	GA	USA
2561	Perry	IA	USA
4	Perry	NY	USA
1429	Perry	OK	USA
2600	Perryton	TX	USA
809	Perryville	AK	USA
1894	Perryville	MO	USA
1789	Peru	IN	USA
3095	Peru/Lasalle	IL	USA
2364	Petaluma	CA	USA
553	Petersburg	AK	USA
2572	Petersburg	VA	USA
3111	Petersburg	WV	USA
2226	Philadelphia	MS	USA
2508	Philadelphia	PA	USA
2511	Philip	SD	USA
616	Philippi	WV	USA
3008	Philipsburg	MT	USA
2563	Philipsburg	PA	USA
2484	Phillips	WI	USA
2505	Phillipsburg	KS	USA
338	Phillipsburg	OH	USA
1295	Phoenix	AZ	USA
2115	Picayune	MS	USA
2038	Pickens	SC	USA
2076	Piedmont	MO	USA
2518	Pierre	SD	USA
642	Piggott	AR	USA
633	Pikeville	KY	USA
2540	Pilot Point	AK	USA
38	Pilot Station	AK	USA
2520	Pinckneyville-Duquoin	IL	USA
2483	Pine Bluff	AR	USA
657	Pine Bluffs	WY	USA
127	Pine Knot	KY	USA
2517	Pine Mountain	GA	USA
1806	Pine Ridge	SD	USA
2592	Pine River	MN	USA
2536	Pinedale	WY	USA
2852	Pinehurst/Southern Pines	NC	USA
1768	Pineville	WV	USA
2555	Pipestone	MN	USA
1896	Piseco	NY	USA
11	Pittsboro	MS	USA
2577	Pittsburg	KS	USA
788	Pittsburgh	PA	USA
2552	Pittsfield	IL	USA
2566	Pittsfield	MA	USA
240	Pittsfield	ME	USA
2295	Pittstown	NJ	USA
2587	Placerville	CA	USA
2728	Plains	MT	USA
2591	Plainview	TX	USA
422	Plainville	CT	USA
2487	Plant City	FL	USA
2579	Platinum	AK	USA
144	Platte	SD	USA
2584	Platteville	WI	USA
2525	Plattsburgh	NY	USA
2533	Plattsmouth	NE	USA
2496	Pleasanton	TX	USA
2593	Plentywood	MT	USA
1045	Plymouth	IN	USA
2599	Plymouth	MA	USA
143	Plymouth	MI	USA
2535	Plymouth	NC	USA
2324	Plymouth	NH	USA
2111	Pocahontas	AR	USA
2544	Pocahontas	IA	USA
2515	Pocatello	ID	USA
1937	Point Baker	AK	USA
2510	Point Hope	AK	USA
2519	Point Lay	AK	USA
337	Point Pleasant	WV	USA
456	Polacca	AZ	USA
686	Polson	MT	USA
2532	Pompano Beach	FL	USA
2537	Ponca City	OK	USA
2565	Ponce	PR	USA
1793	Pontiac	IL	USA
2575	Pontiac	MI	USA
210	Pontotoc	MS	USA
388	Poplar	MT	USA
2543	Poplar Bluff	MO	USA
1050	Poplar Grove	IL	USA
2078	Poplarville	MS	USA
2486	Porcupine Creek	AK	USA
795	Port Alexander	AK	USA
2976	Port Alsworth	AK	USA
1129	Port Angeles	WA	USA
2488	Port Clinton	OH	USA
2500	Port Graham	AK	USA
2574	Port Heiden	AK	USA
2509	Port Huron	MI	USA
2516	Port Isabel	TX	USA
2929	Port Lavaca	TX	USA
2436	Port Lions	AK	USA
131	Port Protection	AK	USA
86	Port Townsend	WA	USA
1041	Portage	WI	USA
746	Portage Creek	AK	USA
2612	Portales	NM	USA
2580	Porterville	CA	USA
2526	Portland	IN	USA
2595	Portland	ME	USA
548	Portland	OR	USA
175	Portland	TN	USA
2568	Portsmouth	NH	USA
2531	Portsmouth	OH	USA
2588	Portsmouth	VA	USA
507	Post	TX	USA
241	Post Mills	VT	USA
2658	Poteau	OK	USA
2573	Potsdam	NY	USA
2296	Pottstown	PA	USA
3191	Pottsville	PA	USA
2545	Poughkeepsie	NY	USA
2546	Powell	WY	USA
2353	Prague	OK	USA
2490	Prairie Du Chien	WI	USA
693	Prairie Du Sac	WI	USA
2578	Pratt	KS	USA
136	Prattville	AL	USA
2100	Prentiss	MS	USA
2558	Prescott	AZ	USA
2789	Presho	SD	USA
2553	Presque Isle	ME	USA
3009	Preston	ID	USA
411	Preston	MN	USA
1899	Prestonburg	KY	USA
2582	Price	UT	USA
194	Priest River	ID	USA
264	Princeton	KY	USA
2539	Princeton	ME	USA
2538	Princeton	MN	USA
312	Princeton	NJ	USA
2729	Prineville	OR	USA
2548	Prospect Creek	AK	USA
2730	Prosser	WA	USA
2586	Providence	RI	USA
2585	Provincetown	MA	USA
2590	Provo	UT	USA
1645	Pryor	OK	USA
2581	Pueblo	CO	USA
1635	Pulaski	TN	USA
2583	Pullman/Moscow,ID	WA	USA
2499	Punta Gorda	FL	USA
2293	Punxsutawney	PA	USA
355	Purcell	OK	USA
2394	Put In Bay	OH	USA
191	Puyallup	WA	USA
3041	Quakertown	PA	USA
1421	Quanah	TX	USA
2288	Questa	NM	USA
269	Quincy	CA	USA
260	Quincy	FL	USA
3036	Quincy	IL	USA
851	Quinhagak	AK	USA
3109	Quinton	VA	USA
440	Quitman	GA	USA
213	Quitman	MS	USA
2630	Racine	WI	USA
2643	Raleigh	NC	USA
2668	Ramona	CA	USA
2664	Rampart	AK	USA
2654	Rancho Murieta	CA	USA
673	Rangeley	ME	USA
471	Rangely	CO	USA
255	Rantoul	IL	USA
2632	Rapid City	SD	USA
2691	Raton	NM	USA
232	Ravenna	OH	USA
1769	Ravenswood	WV	USA
2702	Rawlins	WY	USA
2080	Raymond	MS	USA
2118	Rayville	LA	USA
2640	Reading	PA	USA
2297	Readington	NJ	USA
2635	Red Bluff	CA	USA
652	Red Cloud	NE	USA
2644	Red Devil	AK	USA
397	Red Hook	NY	USA
2645	Red Lodge	MT	USA
2641	Red Oak	IA	USA
2648	Red Wing	MN	USA
2367	Redding	CA	USA
147	Redfield	SD	USA
1953	Redlands	CA	USA
2642	Redmond	OR	USA
2700	Redwood Falls	MN	USA
2345	Reedley	CA	USA
1040	Reedsburg	WI	USA
2697	Reedsville	PA	USA
348	Reform	AL	USA
2647	Refugio	TX	USA
2696	Reidsville	GA	USA
2313	Reidsville	NC	USA
467	Reno	NV	USA
2708	Rensselaer	IN	USA
2669	Renton	WA	USA
168	Reserve	LA	USA
2605	Reserve	NM	USA
2704	Rexburg	ID	USA
2649	Rhinelander	WI	USA
1966	Rialto	CA	USA
2680	Rice Lake	WI	USA
2652	Richfield	UT	USA
2661	Richland	WA	USA
696	Richland Center	WI	USA
600	Richlands	VA	USA
2651	Richmond	IN	USA
1776	Richmond	KY	USA
1468	Richmond	VA	USA
2108	Richton	MS	USA
339	Ridgeland	SC	USA
2653	Rifle	CO	USA
2627	Rio Linda	CA	USA
2369	Rio Vista	CA	USA
220	Ripley	MS	USA
299	Ritzville	WA	USA
2631	Riverside	CA	USA
2655	Riverton	WY	USA
622	Roanoke	AL	USA
2671	Roanoke	VA	USA
2711	Roanoke Rapids	NC	USA
2309	Robbinsville	NJ	USA
2690	Robinson	IL	USA
2915	Robstown	TX	USA
101	Rochelle	IL	USA
2638	Rochester	IN	USA
2689	Rochester	MN	USA
1231	Rochester	NH	USA
2672	Rochester	NY	USA
3060	Rock Hill	SC	USA
2659	Rock Springs	WY	USA
2646	Rockford	IL	USA
392	Rockingham	NC	USA
2656	Rockland	ME	USA
2657	Rockport	TX	USA
1442	Rockwall	TX	USA
292	Rockwell City	IA	USA
2660	Rockwood	TN	USA
2701	Rocky Mount	NC	USA
2673	Rogers	AR	USA
2601	Rogers City	MI	USA
2698	Rogersville	TN	USA
18	Rolla	ND	USA
3074	Rolla/Vichy	MO	USA
2663	Rome	GA	USA
2662	Rome	NY	USA
1227	Romeo	MI	USA
646	Ronan	MT	USA
610	Roosevelt	UT	USA
605	Rosalia	WA	USA
2678	Roseau	MN	USA
2634	Roseburg	OR	USA
2677	Roswell	NM	USA
1611	Rota Island	CQ	USA
2681	Roundup	MT	USA
2941	Roxboro	NC	USA
2637	Ruby	AK	USA
2693	Rugby	ND	USA
2868	Ruidoso	NM	USA
2676	Rush City	MN	USA
741	Rushville	NE	USA
2687	Russell	KS	USA
2085	Russellville	AL	USA
2692	Russellville	AR	USA
449	Russellville	KY	USA
2686	Russian Mission	AK	USA
2688	Ruston	LA	USA
2628	Ruth	CA	USA
1510	Rutherfordton	NC	USA
2695	Rutland	VT	USA
1916	Sabetha	KS	USA
2827	Sac City	IA	USA
2174	Sacramento	CA	USA
2756	Safford	AZ	USA
2136	Saginaw	MI	USA
368	Saginaw - H.Browne	MI	USA
2836	Salem	IL	USA
1791	Salem	IN	USA
1902	Salem	MO	USA
2832	Salem	OR	USA
87	Salida	CO	USA
2835	Salina	KS	USA
2850	Salinas	CA	USA
2772	Salisbury	MD	USA
2694	Salisbury	NC	USA
266	Sallisaw	OK	USA
2840	Salmon	ID	USA
2831	Salt Lake City	UT	USA
580	Saluda	SC	USA
74	San Andreas	CA	USA
2825	San Angelo	TX	USA
2759	San Antonio	TX	USA
2764	San Bernardino	CA	USA
2864	San Carlos	CA	USA
2271	San Diego	CA	USA
2794	San Diego (El Cajon)	CA	USA
2803	San Francisco	CA	USA
2650	San Jose	CA	USA
2820	San Juan	PR	USA
2768	San Luis Obispo	CA	USA
1756	San Marcos	TX	USA
2629	San Martin	CA	USA
2792	Sand Point	AK	USA
53	Sand Springs	OK	USA
2402	Sandersville	GA	USA
2904	Sandpoint	ID	USA
3173	Sandusky	MI	USA
2802	Sanford	ME	USA
2987	Sanford	NC	USA
2845	Santa Ana	CA	USA
2763	Santa Barbara	CA	USA
2757	Santa Fe	NM	USA
2844	Santa Maria	CA	USA
2841	Santa Monica	CA	USA
2903	Santa Paula	CA	USA
2876	Santa Rosa	CA	USA
2621	Santa Rosa	NM	USA
533	Santa Teresa	NM	USA
1856	Santa Ynez	CA	USA
2834	Saranac Lake	NY	USA
2867	Sarasota	FL	USA
2755	Saratoga	WY	USA
502	Saratoga Springs	NY	USA
32	Sargent	NE	USA
167	Satanta	KS	USA
1113	Sault Ste. Marie	MI	USA
2805	Savanna	IL	USA
2760	Savannah	GA	USA
2846	Savannah	TN	USA
2886	Savoonga	AK	USA
356	Sayre	OK	USA
2778	Scammon Bay	AK	USA
2856	Scappoose	OR	USA
2776	Schenectady	NY	USA
421	Schroon Lake	NY	USA
733	Scobey	MT	USA
2979	Scott City	KS	USA
935	Scottsbluff	NE	USA
415	Scottsboro	AL	USA
2791	Scottsdale	AZ	USA
2773	Scribner	NE	USA
2866	Searcy	AR	USA
494	Seaside	OR	USA
936	Seattle	WA	USA
3146	Sebastian	FL	USA
2795	Sebring	FL	USA
1266	Sedalia	MO	USA
2800	Sedona	AZ	USA
3125	Selawik	AK	USA
2853	Seldovia	AK	USA
2796	Selinsgrove	PA	USA
2797	Selma	AL	USA
2905	Selmer	TN	USA
1643	Seminole	OK	USA
293	Seminole	TX	USA
58	Seneca Falls	NY	USA
1581	Sevierville	TN	USA
3049	Sewanee	TN	USA
2891	Seward	AK	USA
2894	Seward	NE	USA
2799	Seymour	IN	USA
543	Seymour	TX	USA
2180	Shafter	CA	USA
2819	Shageluk	AK	USA
309	Shaktoolik	AK	USA
2306	Shamokin	PA	USA
377	Shawano	WI	USA
2848	Shawnee	OK	USA
2765	Sheboygan	WI	USA
2771	Shelby	MT	USA
1351	Shelby	NC	USA
252	Shelbyville	IL	USA
1565	Shelbyville	IN	USA
2900	Shelbyville	TN	USA
2816	Sheldon	IA	USA
2897	Sheldon Point	AK	USA
2870	Shell Lake	WI	USA
77	Shelter Cove	CA	USA
2817	Shelton	WA	USA
2790	Shenandoah	IA	USA
732	Sheridan	AR	USA
514	Sheridan	IN	USA
2818	Sheridan	WY	USA
1438	Sherman/Denison	TX	USA
78	Shingletown	CA	USA
538	Shiprock	NM	USA
1751	Shirley	NY	USA
2815	Shishmaref	AK	USA
2986	Shomu-Shon	CQ	USA
2854	Show Low	AZ	USA
1281	Shreveport	LA	USA
2814	Shungnak	AK	USA
2793	Sidney	MT	USA
2851	Sidney	NE	USA
2287	Sidney	NY	USA
1767	Sidney	OH	USA
2821	Sikeston	MO	USA
540	Siler City	NC	USA
2732	Siletz Bay (Gleneden Beach)	OR	USA
2833	Siloam Springs	AR	USA
941	Silver Bay	MN	USA
2887	Silver City	NM	USA
907	Silver Springs	NV	USA
423	Simsbury	CT	USA
2920	Sinton	TX	USA
2885	Sioux City	IA	USA
1515	Sioux Falls	SD	USA
2709	Siren	WI	USA
675	Sisseton	SD	USA
747	Sitka	AK	USA
634	Skagway	AK	USA
571	Skaneateles	NY	USA
245	Skiatook	OK	USA
2828	Skwentna	AK	USA
1443	Slaton	TX	USA
2837	Sleetmute	AK	USA
862	Slidell	LA	USA
1915	Smith Center	KS	USA
1876	Smithfield	NC	USA
35	Smithville	TN	USA
661	Smithville	TX	USA
2234	Smyrna	TN	USA
2731	Snohomish	WA	USA
2847	Snyder	TX	USA
2418	Socorro	NM	USA
2898	Soldotna	AK	USA
2839	Somerset	KY	USA
251	Somerset	PA	USA
2842	Somerville	NJ	USA
1531	Somerville	TN	USA
2766	South Bend	IN	USA
418	South Bethlehem	NY	USA
3107	South Boston	VA	USA
46	South Haven	MI	USA
886	South Hill	VA	USA
2996	South Lake Tahoe	CA	USA
3132	South Naknek	AK	USA
636	South Sioux City	NE	USA
2810	South St Paul	MN	USA
318	Southbridge	MA	USA
2883	Southport	NC	USA
3023	Spanish Fork	UT	USA
2758	Sparta	IL	USA
676	Sparta	MI	USA
2865	Sparta	TN	USA
1138	Sparta	WI	USA
2855	Spartanburg	SC	USA
2857	Spearfish	SD	USA
1317	Spearman	TX	USA
2862	Spencer	IA	USA
1561	Spokane	WA	USA
864	Springdale	AR	USA
2616	Springer	NM	USA
2613	Springerville	AZ	USA
2859	Springfield	IL	USA
577	Springfield	KY	USA
1218	Springfield	MN	USA
2807	Springfield	MO	USA
2808	Springfield	OH	USA
3157	Springfield	SD	USA
2121	Springfield	TN	USA
3088	Springfield	VT	USA
2858	Springhill	LA	USA
623	Spruce Pine	NC	USA
369	St Charles	MO	USA
1904	St Clair	MO	USA
2871	St Cloud	MN	USA
278	St Elmo	AL	USA
2899	St Francis	KS	USA
579	St George	SC	USA
2812	St George	UT	USA
658	St Ignace	MI	USA
2826	St James	MI	USA
1886	St James	MN	USA
2824	St Johns	AZ	USA
2874	St Joseph	MO	USA
157	St Louis	MO	USA
2745	St Maries	ID	USA
441	St Marys	GA	USA
2463	St Marys	PA	USA
206	St Paul	MN	USA
2809	St. Augustine	FL	USA
2485	St. George	AK	USA
1940	St. Mary's	AK	USA
531	St. Michael	AK	USA
2849	St. Paul	AK	USA
2514	St. Petersburg	FL	USA
1447	Stamford	TX	USA
2738	Stanford	MT	USA
27	Stanley	ND	USA
1780	Stanton	KY	USA
2762	Staples	MN	USA
389	Star	NC	USA
2873	Starkville	MS	USA
3048	State College	PA	USA
2935	Statesboro	GA	USA
2889	Statesville	NC	USA
2813	Staunton/Harrisonburg	VA	USA
2769	Steamboat Springs	CO	USA
3117	Stebbins	AK	USA
2798	Stephenville	TX	USA
2875	Sterling	CO	USA
2863	Sterling Rockfalls	IL	USA
248	Steubenville	OH	USA
2872	Stevens Point	WI	USA
2890	Stevens Village	AK	USA
3100	Stevensville	MD	USA
295	Stevensville	MT	USA
1451	Stigler	OK	USA
2893	Stillwater	OK	USA
2334	Stilwell	OK	USA
2777	Stockton	CA	USA
695	Stonington	ME	USA
2869	Stony River	AK	USA
2830	Storm Lake	IA	USA
2303	Stormville	NY	USA
569	Stow	MA	USA
2880	Stroud	OK	USA
2879	Stuart	FL	USA
2881	Sturgeon Bay	WI	USA
1766	Sturgis	KY	USA
1838	Sturgis	MI	USA
558	Sturgis	SD	USA
2811	Stuttgart	AR	USA
2804	Suffolk	VA	USA
2822	Sullivan	IN	USA
3056	Sullivan	MO	USA
1970	Sulphur	LA	USA
1433	Sulphur	OK	USA
2838	Sulphur Springs	TX	USA
2896	Summersville	WV	USA
1301	Summerville	SC	USA
2843	Sumter	SC	USA
193	Sunnyside	WA	USA
2719	Sunriver	OR	USA
734	Superior	MT	USA
104	Superior	NE	USA
2884	Superior	WI	USA
2888	Susanville	CA	USA
1529	Sussex	NJ	USA
404	Sutton	WV	USA
2767	Swainsboro	GA	USA
2895	Sweetwater	TX	USA
2775	Sylacauga	AL	USA
216	Sylva	NC	USA
1887	Sylvania	GA	USA
2902	Sylvester	GA	USA
342	Syracuse	KS	USA
2901	Syracuse	NY	USA
2954	Tacoma	WA	USA
1955	Taft	CA	USA
2978	Tahlequah	OK	USA
2939	Takotna	AK	USA
574	Talihina	OK	USA
2956	Talkeetna	AK	USA
868	Talladega	AL	USA
2960	Tallahassee	FL	USA
2997	Tallulah	LA	USA
2973	Tampa	FL	USA
2931	Tanana	AK	USA
2949	Tangier	VA	USA
2829	Taos	NM	USA
1396	Tarboro	NC	USA
720	Tarentum	PA	USA
1907	Tarkio	MO	USA
637	Tatitlek	AK	USA
1308	Tatum	NM	USA
2932	Taunton	MA	USA
3002	Taylor	AZ	USA
2923	Taylor	TX	USA
2933	Taylorville	IL	USA
315	Tazewell	TN	USA
3158	Tea	SD	USA
56	Tecumseh	NE	USA
2985	Tehachapi	CA	USA
2977	Tekamah	NE	USA
263	Telida	AK	USA
2945	Tell City	IN	USA
1906	Teller	AK	USA
2947	Telluride	CO	USA
2975	Temple	TX	USA
3012	Temple Bar	AZ	USA
2957	Tenakee Springs	AK	USA
1737	Terre Haute	IN	USA
2982	Terrell	TX	USA
689	Terry	MT	USA
2944	Teterboro	NJ	USA
535	Tetlin	AK	USA
3001	Texarkana	AR	USA
1262	The Dalles	OR	USA
590	Thedford	NE	USA
2952	Thermopolis	WY	USA
1971	Thibodaux	LA	USA
2993	Thief River Falls	MN	USA
186	Thomas	OK	USA
2427	Thomaston	GA	USA
2994	Thomasville	GA	USA
2951	Thompson Falls	MT	USA
1716	Thomson	GA	USA
1941	Thorne Bay	AK	USA
735	Three Forks	MT	USA
1654	Three Rivers	MI	USA
420	Ticonderoga	NY	USA
117	Tiffin	OH	USA
2963	Tifton	GA	USA
2733	Tillamook	OR	USA
484	Timberon	NM	USA
1222	Tioga	ND	USA
54	Tishomingo	OK	USA
2955	Titusville	FL	USA
575	Titusville	PA	USA
2969	Toccoa	GA	USA
2970	Togiak	AK	USA
583	Tok	AK	USA
2425	Toksook Bay	AK	USA
2943	Toledo	OH	USA
2942	Toledo	WA	USA
2908	Tomahawk	WI	USA
3005	Tompkinsville	KY	USA
2184	Toms River	NJ	USA
2974	Tonopah	NV	USA
2998	Tooele	UT	USA
1506	Topeka	KS	USA
2967	Torrance	CA	USA
2972	Torrington	WY	USA
2299	Toughkenamon	PA	USA
2290	Towanda	PA	USA
102	Tower	MN	USA
690	Townsend	MT	USA
2940	Tracy	CA	USA
3170	Tracy	MN	USA
2992	Traverse City	MI	USA
2983	Trenton	MO	USA
2989	Trenton	NJ	USA
2948	Trenton	TN	USA
517	Tribune	KS	USA
2930	Trinidad	CO	USA
2368	Trinity Center	CA	USA
1969	Trona	CA	USA
2971	Troy	AL	USA
625	Troy	MI	USA
504	Troy	NY	USA
343	Troy/Marine/St. Louis	IL	USA
2981	Truckee	CA	USA
2938	Truth Or Consequences	NM	USA
2907	Tuba City	AZ	USA
2705	Tucson	AZ	USA
2936	Tucumcari	NM	USA
2961	Tulare	CA	USA
2366	Tulelake	CA	USA
2603	Tulia	TX	USA
2950	Tullahoma	TN	USA
2699	Tulsa	OK	USA
2962	Tuluksak	AK	USA
2123	Tunica	MS	USA
750	Tuntutuliak	AK	USA
445	Tununak	AK	USA
2990	Tupelo	MS	USA
2335	Turlock	CA	USA
738	Turner	MT	USA
2937	Tuscaloosa	AL	USA
1919	Tuscola	IL	USA
16	Tuskegee	AL	USA
2965	Twentynine Palms	CA	USA
647	Twin Bridges	MT	USA
2999	Twin Falls	ID	USA
751	Twin Hills	AK	USA
3000	Two Harbors	MN	USA
3003	Tyler	TX	USA
2912	Tylertown	MS	USA
712	Ugashik	AK	USA
3039	Ukiah	CA	USA
3043	Ulysses	KS	USA
3145	Umatilla	FL	USA
3045	Unalakleet	AK	USA
1288	Unalaska	AK	USA
301	Union	SC	USA
3032	Union City	TN	USA
1065	Upland	CA	USA
492	Upper Sandusky	OH	USA
1787	Urbana	OH	USA
3037	Utica	MI	USA
3030	Utica	NY	USA
568	Utica/Frankfort	NY	USA
3057	Uvalde	TX	USA
3064	Vacaville	CA	USA
3068	Valdez	AK	USA
3078	Valdosta	GA	USA
3091	Valentine	NE	USA
650	Valier	MT	USA
3151	Valkaria	FL	USA
573	Valley City	ND	USA
3084	Valparaiso	FL	USA
3085	Valparaiso	IN	USA
3073	Van Horn	TX	USA
3082	Van Nuys	CA	USA
3081	Van Wert	OH	USA
3093	Vancouver	WA	USA
3077	Vandalia	IL	USA
280	Vashon	WA	USA
1319	Vega	TX	USA
3069	Venetie	AK	USA
3080	Venice	FL	USA
3079	Vermillion	SD	USA
3070	Vernal	UT	USA
1422	Vernon	TX	USA
3087	Vero Beach	FL	USA
3072	Versailles	OH	USA
3065	Victoria	TX	USA
3066	Victorville	CA	USA
3067	Vidalia	GA	USA
82	Vidalia	LA	USA
2305	Vincentown	NJ	USA
1636	Vinita	OK	USA
3090	Vinton	IA	USA
3166	Viroqua	WI	USA
2611	Visalia	CA	USA
329	Vivian	LA	USA
1850	Wabash	IN	USA
767	Waco	TX	USA
771	Wadena	MN	USA
316	Wadesboro	NC	USA
333	Wadsworth	OH	USA
792	Wagner	SD	USA
796	Wahoo	NE	USA
1023	Wahpeton	ND	USA
894	Wainwright	AK	USA
59	Wakeeney	KS	USA
2089	Waldron	AR	USA
1852	Wales	AK	USA
701	Walhalla	ND	USA
601	Wall	SD	USA
826	Walla Walla	WA	USA
770	Wallace	NC	USA
95	Wallkill	NY	USA
858	Walnut Ridge	AR	USA
472	Walsenburg	CO	USA
2636	Walterboro	SC	USA
357	Walters	OK	USA
900	Wapakoneta	OH	USA
501	Warm Springs	GA	USA
349	Warren	AR	USA
550	Warren	OH	USA
42	Warren	VT	USA
727	Warrensburg	MO	USA
3106	Warrenton	VA	USA
2685	Warroad	MN	USA
870	Warsaw	IN	USA
493	Warsaw	MO	USA
2304	Warwick	NY	USA
1957	Wasco	CA	USA
303	Wasco	OR	USA
766	Waseca	MN	USA
2323	Washburn	ND	USA
34	Washington	DC	USA
1816	Washington	GA	USA
893	Washington	IA	USA
1238	Washington	IN	USA
2218	Washington	MO	USA
2379	Washington	NC	USA
782	Washington	PA	USA
1771	Washington Court House	OH	USA
274	Washington Island	WI	USA
1855	Wasilla	AK	USA
297	Water Valley	MS	USA
824	Waterloo	IA	USA
860	Watertown	NY	USA
877	Watertown	SD	USA
2706	Watertown	WI	USA
3136	Waterville	ME	USA
2722	Watford City	ND	USA
1884	Watonga	OK	USA
3135	Watsonville	CA	USA
1437	Wauchula	FL	USA
3034	Waukesha	WI	USA
2489	Waupaca	WI	USA
885	Wausau	WI	USA
3052	Wauseon	OH	USA
3165	Wautoma	WI	USA
1037	Waverly	IA	USA
1781	Waverly	OH	USA
71	Waverly	TN	USA
902	Waycross	GA	USA
1989	Wayne	NE	USA
1025	Waynesboro	GA	USA
276	Waynesboro	MS	USA
3116	Waynesburg	PA	USA
166	Waynoka	OK	USA
1456	Weatherford	OK	USA
2357	Weaverville	CA	USA
146	Webster	SD	USA
1332	Webster City	IA	USA
2352	Weed	CA	USA
908	Weedsport	NY	USA
2750	Weiser	ID	USA
1772	Welch	WV	USA
1348	Wellington	KS	USA
1423	Wellington	TX	USA
2057	Wells	NV	USA
2294	Wellsboro	PA	USA
1372	Wellsville	NY	USA
1330	Wenatchee	WA	USA
1381	Wendover	UT	USA
2919	Weslaco	TX	USA
1395	West Bend	WI	USA
3162	West Branch	MI	USA
2312	West Chester	PA	USA
2314	West Jefferson	NC	USA
725	West Liberty	KY	USA
895	West Memphis	AR	USA
452	West Milford	NJ	USA
1441	West Palm Beach	FL	USA
3046	West Plains	MO	USA
2119	West Point	MS	USA
3110	West Point	VA	USA
378	West Union	IA	USA
831	West Union	OH	USA
3139	West Yellowstone	MT	USA
3133	Westerly	RI	USA
911	Westfield	MA	USA
1507	Westhampton Beach	NY	USA
1267	Westminster	MD	USA
2289	Westport, NY	NY	USA
26	Wetumpka	AL	USA
529	Wharton	TX	USA
1328	Wheatland	WY	USA
1397	Wheaton	MN	USA
1694	Wheeling	WV	USA
386	White Cloud	MI	USA
3128	White Mountain	AK	USA
1712	White Plains	NY	USA
649	White Sulphur Springs	MT	USA
1684	Whitefield	NH	USA
1312	Whiteriver	AZ	USA
1155	Whiteville	NC	USA
1805	Whittier	AK	USA
755	Wichita	KS	USA
2861	Wichita Falls	TX	USA
1313	Wickenburg	AZ	USA
2087	Wiggins	MS	USA
283	Wilbur	WA	USA
1637	Wilburton	OK	USA
3137	Wildwood	NJ	USA
3119	Wilkes-Barre	PA	USA
890	Wilkes-Barre/Scranton	PA	USA
2473	Willcox	AZ	USA
2472	Williams	AZ	USA
335	Williamson	NY	USA
434	Williamson	WV	USA
1836	Williamsport	PA	USA
2147	Williamston	NC	USA
1817	Willimantic	CT	USA
3152	Williston	FL	USA
1840	Williston	ND	USA
2343	Willits	CA	USA
2028	Willoughby	OH	USA
3054	Willow	AK	USA
3126	Willows	CA	USA
1821	Wilmington	DE	USA
1823	Wilmington	NC	USA
1783	Wilmington	OH	USA
2703	Winamac	IN	USA
1770	Winchester	IN	USA
944	Winchester	TN	USA
2401	Winchester	VA	USA
3122	Winder	GA	USA
2267	Windom	MN	USA
2683	Window Rock	AZ	USA
927	Windsor Locks	CT	USA
3124	Winfield/Arkansas City	KS	USA
736	Winifred	MT	USA
1828	Wink	TX	USA
3127	Winnemucca	NV	USA
2801	Winner	SD	USA
83	Winnfield	LA	USA
2928	Winnie/Stowell	TX	USA
1455	Winnsboro	LA	USA
1472	Winnsboro	SC	USA
1444	Winnsboro	TX	USA
2416	Winona	MN	USA
499	Winona	MS	USA
1831	Winslow	AZ	USA
93	Winsted	MN	USA
1830	Winston-Salem	NC	USA
1577	Winter Haven	FL	USA
379	Winterset	IA	USA
2735	Winthrop	WA	USA
1851	Wiscasset	ME	USA
1844	Wisconsin Rapids	WI	USA
2029	Wise	VA	USA
3131	Wiseman	AK	USA
2405	Wolf Point	MT	USA
179	Woodbine	NJ	USA
2349	Woodlake	CA	USA
2348	Woodland	CA	USA
431	Woodsfield	OH	USA
3138	Woodward	OK	USA
960	Wooster	OH	USA
2435	Worcester	MA	USA
3130	Worland	WY	USA
2443	Worthington	MN	USA
560	Wrangell	AK	USA
287	Wray	CO	USA
556	Wrens	GA	USA
2308	Wurtsboro	NY	USA
2110	Wynne	AR	USA
3176	Yakima	WA	USA
291	Yakutat	AK	USA
3177	Yankton	SD	USA
664	Yazoo City	MS	USA
2350	Yerington	NV	USA
1890	York	NE	USA
2953	York	PA	USA
3178	Youngstown	OH	USA
2355	Yuba City	CA	USA
3179	Yuma	AZ	USA
288	Yuma	CO	USA
3194	Zanesville	OH	USA
682	Zelienople	PA	USA
3192	Zephyrhills	FL	USA
3193	Zuni	NM	USA
